#
# There is insufficient memory for the Java Runtime Environment to continue.
# Native memory allocation (mmap) failed to map 65536 bytes for Failed to commit metaspace.
# Possible reasons:
#   The system is out of physical RAM or swap space
#   The process is running with CompressedOops enabled, and the Java Heap may be blocking the growth of the native heap
# Possible solutions:
#   Reduce memory load on the system
#   Increase physical memory or swap space
#   Check if swap backing store is full
#   Decrease Java heap size (-Xmx/-Xms)
#   Decrease number of Java threads
#   Decrease Java thread stack sizes (-Xss)
#   Set larger code cache with -XX:ReservedCodeCacheSize=
#   JVM is running with Zero Based Compressed Oops mode in which the Java heap is
#     placed in the first 32GB address space. The Java Heap base address is the
#     maximum limit for the native heap growth. Please use -XX:HeapBaseMinAddress
#     to set the Java Heap base and to place the Java Heap above 32GB virtual address.
# This output file may be truncated or incomplete.
#
#  Out of Memory Error (virtualSpaceNode.cpp:112), pid=15380, tid=1000
#
# JRE version: Java(TM) SE Runtime Environment (21.0.7+8) (build 21.0.7+8-LTS-245)
# Java VM: Java HotSpot(TM) 64-Bit Server VM (21.0.7+8-LTS-245, mixed mode, sharing, tiered, compressed oops, compressed class ptrs, g1 gc, windows-amd64)
# No core dump will be written. Minidumps are not enabled by default on client versions of Windows
#

---------------  S U M M A R Y ------------

Command Line: -javaagent:C:\Program Files\JetBrains\IntelliJ IDEA 2025.2.1\lib\idea_rt.jar=54407 -Dfile.encoding=UTF-8 -Dsun.stdout.encoding=UTF-8 -Dsun.stderr.encoding=UTF-8 --module-path=C:\Users\yasas\.m2\repository\org\hibernate\orm\hibernate-core\6.0.0.Final\hibernate-core-6.0.0.Final.jar;C:\Users\yasas\.m2\repository\org\springframework\security\spring-security-crypto\6.5.3\spring-security-crypto-6.5.3.jar;C:\Users\yasas\.m2\repository\jakarta\persistence\jakarta.persistence-api\3.1.0\jakarta.persistence-api-3.1.0.jar;C:\Users\yasas\.m2\repository\org\openjfx\javafx-base\21.0.6\javafx-base-21.0.6-win.jar;C:\Users\yasas\.m2\repository\org\openjfx\javafx-graphics\21.0.6\javafx-graphics-21.0.6-win.jar;C:\Users\yasas\.m2\repository\org\openjfx\javafx-fxml\21.0.6\javafx-fxml-21.0.6-win.jar;C:\Users\yasas\Documents\dev\ijse\elite-learners-system\target\classes;C:\Users\yasas\.m2\repository\org\projectlombok\lombok\1.18.34\lombok-1.18.34.jar;C:\Users\yasas\.m2\repository\org\openjfx\javafx-controls\21.0.6\javafx-controls-21.0.6-win.jar -Djdk.module.main=lk.ijse.learners lk.ijse.learners/lk.ijse.learners.Launcher

Host: 12th Gen Intel(R) Core(TM) i5-12450H, 12 cores, 15G,  Windows 11 , 64 bit Build 26100 (10.0.26100.5074)
Time: Thu Sep 25 00:40:20 2025 Sri Lanka Standard Time elapsed time: 2.201437 seconds (0d 0h 0m 2s)

---------------  T H R E A D  ---------------

Current thread (0x000001cab4e3d230):  JavaThread "main"             [_thread_in_vm, id=1000, stack(0x0000002702b00000,0x0000002702c00000) (1024K)]

Stack: [0x0000002702b00000,0x0000002702c00000]
Native frames: (J=compiled Java code, j=interpreted, Vv=VM code, C=native code)
V  [jvm.dll+0x6cae19]
V  [jvm.dll+0x855741]
V  [jvm.dll+0x857c6e]
V  [jvm.dll+0x858343]
V  [jvm.dll+0x27e0b6]
V  [jvm.dll+0x85135e]
V  [jvm.dll+0x66ea55]
V  [jvm.dll+0x1e410c]
V  [jvm.dll+0x1e3ede]
V  [jvm.dll+0x671383]
V  [jvm.dll+0x6711a2]
V  [jvm.dll+0x66f42e]
V  [jvm.dll+0x26850f]
V  [jvm.dll+0x6797a5]
V  [jvm.dll+0x214ea1]
V  [jvm.dll+0x21532a]
V  [jvm.dll+0x215d51]
V  [jvm.dll+0x20b1ee]
V  [jvm.dll+0x5ad9cc]
V  [jvm.dll+0x7cf846]
V  [jvm.dll+0x471336]
V  [jvm.dll+0x4771b8]
C  [java.dll+0x17ec]

Java frames: (J=compiled Java code, j=interpreted, Vv=VM code)
J 944  java.lang.ClassLoader.defineClass1(Ljava/lang/ClassLoader;Ljava/lang/String;[BIILjava/security/ProtectionDomain;Ljava/lang/String;)Ljava/lang/Class; java.base@21.0.7 (0 bytes) @ 0x000001cac68b7991 [0x000001cac68b78c0+0x00000000000000d1]
j  java.lang.ClassLoader.defineClass(Ljava/lang/String;[BIILjava/security/ProtectionDomain;)Ljava/lang/Class;+27 java.base@21.0.7
j  java.lang.ClassLoader.defineClass(Ljava/lang/String;Ljava/nio/ByteBuffer;Ljava/security/ProtectionDomain;)Ljava/lang/Class;+38 java.base@21.0.7
j  java.security.SecureClassLoader.defineClass(Ljava/lang/String;Ljava/nio/ByteBuffer;Ljava/security/CodeSource;)Ljava/lang/Class;+8 java.base@21.0.7
j  jdk.internal.loader.BuiltinClassLoader.defineClass(Ljava/lang/String;Ljdk/internal/loader/BuiltinClassLoader$LoadedModule;)Ljava/lang/Class;+127 java.base@21.0.7
J 1003 c1 jdk.internal.loader.BuiltinClassLoader.loadClassOrNull(Ljava/lang/String;Z)Ljava/lang/Class; java.base@21.0.7 (143 bytes) @ 0x000001cabeee2abc [0x000001cabeee2560+0x000000000000055c]
j  jdk.internal.loader.BuiltinClassLoader.loadClass(Ljava/lang/String;Z)Ljava/lang/Class;+3 java.base@21.0.7
j  jdk.internal.loader.ClassLoaders$AppClassLoader.loadClass(Ljava/lang/String;Z)Ljava/lang/Class;+36 java.base@21.0.7
J 1006 c1 java.lang.ClassLoader.loadClass(Ljava/lang/String;)Ljava/lang/Class; java.base@21.0.7 (7 bytes) @ 0x000001cabeee5254 [0x000001cabeee5140+0x0000000000000114]
v  ~StubRoutines::call_stub 0x000001cac62a100d
J 944  java.lang.ClassLoader.defineClass1(Ljava/lang/ClassLoader;Ljava/lang/String;[BIILjava/security/ProtectionDomain;Ljava/lang/String;)Ljava/lang/Class; java.base@21.0.7 (0 bytes) @ 0x000001cac68b7991 [0x000001cac68b78c0+0x00000000000000d1]
j  java.lang.ClassLoader.defineClass(Ljava/lang/String;[BIILjava/security/ProtectionDomain;)Ljava/lang/Class;+27 java.base@21.0.7
j  java.lang.ClassLoader.defineClass(Ljava/lang/String;Ljava/nio/ByteBuffer;Ljava/security/ProtectionDomain;)Ljava/lang/Class;+38 java.base@21.0.7
j  java.security.SecureClassLoader.defineClass(Ljava/lang/String;Ljava/nio/ByteBuffer;Ljava/security/CodeSource;)Ljava/lang/Class;+8 java.base@21.0.7
j  jdk.internal.loader.BuiltinClassLoader.defineClass(Ljava/lang/String;Ljdk/internal/loader/BuiltinClassLoader$LoadedModule;)Ljava/lang/Class;+127 java.base@21.0.7
J 1003 c1 jdk.internal.loader.BuiltinClassLoader.loadClassOrNull(Ljava/lang/String;Z)Ljava/lang/Class; java.base@21.0.7 (143 bytes) @ 0x000001cabeee2abc [0x000001cabeee2560+0x000000000000055c]
j  jdk.internal.loader.BuiltinClassLoader.loadClass(Ljava/lang/String;Z)Ljava/lang/Class;+3 java.base@21.0.7
j  jdk.internal.loader.ClassLoaders$AppClassLoader.loadClass(Ljava/lang/String;Z)Ljava/lang/Class;+36 java.base@21.0.7
J 1006 c1 java.lang.ClassLoader.loadClass(Ljava/lang/String;)Ljava/lang/Class; java.base@21.0.7 (7 bytes) @ 0x000001cabeee5254 [0x000001cabeee5140+0x0000000000000114]
v  ~StubRoutines::call_stub 0x000001cac62a100d
j  java.lang.Class.getDeclaredMethods0(Z)[Ljava/lang/reflect/Method;+0 java.base@21.0.7
j  java.lang.Class.privateGetDeclaredMethods(Z)[Ljava/lang/reflect/Method;+34 java.base@21.0.7
j  java.lang.Class.getMethodsRecursive(Ljava/lang/String;[Ljava/lang/Class;Z)Ljava/lang/PublicMethods$MethodList;+2 java.base@21.0.7
j  java.lang.Class.getMethod0(Ljava/lang/String;[Ljava/lang/Class;)Ljava/lang/reflect/Method;+14 java.base@21.0.7
j  java.lang.Class.getMethod(Ljava/lang/String;[Ljava/lang/Class;)Ljava/lang/reflect/Method;+26 java.base@21.0.7
j  com.sun.javafx.application.LauncherImpl.launchApplicationWithArgs(Lcom/sun/javafx/application/ModuleAccess;Ljava/lang/String;Ljava/lang/String;[Ljava/lang/String;)V+110 javafx.graphics@21.0.6
j  com.sun.javafx.application.LauncherImpl.launchApplication(Ljava/lang/String;Ljava/lang/String;[Ljava/lang/String;)V+483 javafx.graphics@21.0.6
j  java.lang.invoke.LambdaForm$DMH+0x000001cad8002400.invokeStatic(Ljava/lang/Object;Ljava/lang/Object;Ljava/lang/Object;Ljava/lang/Object;)V+14 java.base@21.0.7
j  java.lang.invoke.LambdaForm$MH+0x000001cad8008000.invoke(Ljava/lang/Object;Ljava/lang/Object;Ljava/lang/Object;Ljava/lang/Object;Ljava/lang/Object;)Ljava/lang/Object;+68 java.base@21.0.7
j  java.lang.invoke.LambdaForm$MH+0x000001cad8008400.invokeExact_MT(Ljava/lang/Object;Ljava/lang/Object;Ljava/lang/Object;Ljava/lang/Object;Ljava/lang/Object;Ljava/lang/Object;)Ljava/lang/Object;+24 java.base@21.0.7
j  jdk.internal.reflect.DirectMethodHandleAccessor.invokeImpl(Ljava/lang/Object;[Ljava/lang/Object;)Ljava/lang/Object;+92 java.base@21.0.7
j  jdk.internal.reflect.DirectMethodHandleAccessor.invoke(Ljava/lang/Object;[Ljava/lang/Object;)Ljava/lang/Object;+23 java.base@21.0.7
j  java.lang.reflect.Method.invoke(Ljava/lang/Object;[Ljava/lang/Object;)Ljava/lang/Object;+102 java.base@21.0.7
j  sun.launcher.LauncherHelper$FXHelper.main([Ljava/lang/String;)V+52 java.base@21.0.7
v  ~StubRoutines::call_stub 0x000001cac62a100d

Compiled method (n/a)    2219  944     n 0       java.lang.ClassLoader::defineClass1 (native)
 total in heap  [0x000001cac68b7710,0x000001cac68b7d70] = 1632
 relocation     [0x000001cac68b7870,0x000001cac68b78a8] = 56
 main code      [0x000001cac68b78c0,0x000001cac68b7d6f] = 1199
 stub code      [0x000001cac68b7d6f,0x000001cac68b7d70] = 1

[Constant Pool (empty)]

[MachCode]
[Entry Point]
  # {method} {0x000001cad7439a30} 'defineClass1' '(Ljava/lang/ClassLoader;Ljava/lang/String;[BIILjava/security/ProtectionDomain;Ljava/lang/String;)Ljava/lang/Class;' in 'java/lang/ClassLoader'
  # parm0:    rdx:rdx   = 'java/lang/ClassLoader'
  # parm1:    r8:r8     = 'java/lang/String'
  # parm2:    r9:r9     = '[B'
  # parm3:    rdi       = int
  # parm4:    rsi       = int
  # parm5:    rcx:rcx   = 'java/security/ProtectionDomain'
  # parm6:    [sp+0xa0]   = 'java/lang/String'  (sp of caller)
  0x000001cac68b78c0: 448b 5208 | 49bb 0000 | 00d7 ca01 | 0000 4d03 | d349 3bc2 | 0f84 0600 

  0x000001cac68b78d8: ;   {runtime_call ic_miss_stub}
  0x000001cac68b78d8: 0000 e9a1 | 6ea3 ff90 
[Verified Entry Point]
  0x000001cac68b78e0: 8984 2400 | 80ff ff55 | 488b ec48 | 81ec 9000 | 0000 6690 | 4181 7f20 | 0100 0000 

  0x000001cac68b78fc: ;   {runtime_call StubRoutines (final stubs)}
  0x000001cac68b78fc: 7405 e85d | d4a1 ff48 | 837d 1000 | 488d 4510 | 480f 4445 | 1048 8944 | 2440 4889 | 4c24 7048 
  0x000001cac68b791c: 83f9 0048 | 8d44 2470 | 480f 4444 | 2470 4889 | 4424 3848 | 8974 2430 | 4889 7c24 | 284c 894c 
  0x000001cac68b793c: 2458 4983 | f900 488d | 4424 5848 | 0f44 4424 | 5848 8944 | 2420 4c89 | 4424 5049 | 83f8 004c 
  0x000001cac68b795c: 8d4c 2450 | 4c0f 444c | 2450 4889 | 5424 4848 | 83fa 004c | 8d44 2448 | 4c0f 4444 

  0x000001cac68b7978: ;   {oop(a 'java/lang/Class'{0x0000000712e00378} = 'java/lang/ClassLoader')}
  0x000001cac68b7978: 2448 49be | 7803 e012 | 0700 0000 | 4c89 7424 | 784c 8d74 | 2478 498b | d6c5 f877 

  0x000001cac68b7994: ;   {internal_word}
  0x000001cac68b7994: 49ba 9179 | 8bc6 ca01 | 0000 4d89 | 97a0 0300 | 0049 89a7 | 9803 0000 

  0x000001cac68b79ac: ;   {external_word}
  0x000001cac68b79ac: 49ba 2058 | f644 fa7f | 0000 4180 | 3a00 0f84 | 4e00 0000 | 5241 5041 

  0x000001cac68b79c4: ;   {metadata({method} {0x000001cad7439a30} 'defineClass1' '(Ljava/lang/ClassLoader;Ljava/lang/String;[BIILjava/security/ProtectionDomain;Ljava/lang/String;)Ljava/lang/Class;' in 'java/lang/ClassLoader')}
  0x000001cac68b79c4: 5148 ba28 | 9a43 d7ca | 0100 0049 | 8bcf 4883 | ec20 40f6 | c40f 0f84 | 1900 0000 | 4883 ec08 
  0x000001cac68b79e4: ;   {runtime_call}
  0x000001cac68b79e4: 48b8 500d | a744 fa7f | 0000 ffd0 | 4883 c408 | e90c 0000 

  0x000001cac68b79f8: ;   {runtime_call}
  0x000001cac68b79f8: 0048 b850 | 0da7 44fa | 7f00 00ff | d048 83c4 | 2041 5941 | 585a 498d | 8fb8 0300 | 0041 c787 
  0x000001cac68b7a18: 4404 0000 | 0400 0000 

  0x000001cac68b7a20: ;   {runtime_call}
  0x000001cac68b7a20: 48b8 ac16 | a6a4 fa7f | 0000 ffd0 | c5f8 7741 | c787 4404 | 0000 0500 | 0000 f083 | 4424 c000 
  0x000001cac68b7a40: 493b af48 | 0400 000f | 870e 0000 | 0041 83bf | 4004 0000 | 000f 842b | 0000 00c5 | f877 4889 
  0x000001cac68b7a60: 45f8 498b | cf4c 8be4 | 4883 ec20 | 4883 e4f0 

  0x000001cac68b7a70: ;   {runtime_call}
  0x000001cac68b7a70: 48b8 30b9 | 7244 fa7f | 0000 ffd0 | 498b e44d | 33e4 488b | 45f8 41c7 | 8744 0400 | 0008 0000 
  0x000001cac68b7a90: 0041 83bf | c004 0000 | 020f 84a3 

  0x000001cac68b7a9c: ;   {external_word}
  0x000001cac68b7a9c: 0200 0049 | ba20 58f6 | 44fa 7f00 | 0041 803a | 000f 844c | 0000 0048 

  0x000001cac68b7ab4: ;   {metadata({method} {0x000001cad7439a30} 'defineClass1' '(Ljava/lang/ClassLoader;Ljava/lang/String;[BIILjava/security/ProtectionDomain;Ljava/lang/String;)Ljava/lang/Class;' in 'java/lang/ClassLoader')}
  0x000001cac68b7ab4: 8945 f848 | ba28 9a43 | d7ca 0100 | 0049 8bcf | 4883 ec20 | 40f6 c40f | 0f84 1900 | 0000 4883 
  0x000001cac68b7ad4: ;   {runtime_call}
  0x000001cac68b7ad4: ec08 48b8 | 500d a744 | fa7f 0000 | ffd0 4883 | c408 e90c 

  0x000001cac68b7ae8: ;   {runtime_call}
  0x000001cac68b7ae8: 0000 0048 | b850 0da7 | 44fa 7f00 | 00ff d048 | 83c4 2048 | 8b45 f849 | c787 9803 | 0000 0000 
  0x000001cac68b7b08: 0000 49c7 | 87a0 0300 | 0000 0000 | 00c5 f877 | 4885 c00f | 84fe 0100 | 00a8 030f | 8508 0000 
  0x000001cac68b7b28: 0048 8b00 | e9ee 0100 | 00a8 010f | 8509 0000 | 0048 8b40 | fee9 dd01 | 0000 488b | 40ff 4180 
  0x000001cac68b7b48: 7f40 000f | 84ce 0100 | 0048 83f8 | 000f 84c4 | 0100 0049 | 8b4f 2848 | 83f9 000f | 8414 0000 
  0x000001cac68b7b68: 0048 83e9 | 0849 894f | 2849 034f | 3848 8901 | e9a2 0100 | 0048 81ec | d000 0000 | 4889 0424 
  0x000001cac68b7b88: 4889 4c24 | 0848 8954 | 2410 4889 | 7424 1848 | 897c 2420 | 4c89 4424 | 284c 894c | 2430 4c89 
  0x000001cac68b7ba8: 5424 384c | 895c 2440 | c5fb 1144 | 2450 c5fb | 114c 2458 | c5fb 1154 | 2460 c5fb | 115c 2468 
  0x000001cac68b7bc8: c5fb 1164 | 2470 c5fb | 116c 2478 | c5fb 11b4 | 2480 0000 | 00c5 fb11 | bc24 8800 | 0000 c57b 
  0x000001cac68b7be8: ;   {no_reloc}
  0x000001cac68b7be8: 1184 2490 | 0000 00c5 | 7b11 8c24 | 9800 0000 | c57b 1194 | 24a0 0000 | 00c5 7b11 | 9c24 a800 
  0x000001cac68b7c08: 0000 c57b | 11a4 24b0 | 0000 00c5 | 7b11 ac24 | b800 0000 | c57b 11b4 | 24c0 0000 | 00c5 7b11 
  0x000001cac68b7c28: bc24 c800 | 0000 498b | d748 8bc8 | 4883 ec20 | 40f6 c40f | 0f84 1900 | 0000 4883 

  0x000001cac68b7c44: ;   {runtime_call}
  0x000001cac68b7c44: ec08 48b8 | 90f6 6544 | fa7f 0000 | ffd0 4883 | c408 e90c 

  0x000001cac68b7c58: ;   {runtime_call}
  0x000001cac68b7c58: 0000 0048 | b890 f665 | 44fa 7f00 | 00ff d048 | 83c4 20c5 | 7b10 bc24 | c800 0000 | c57b 10b4 
  0x000001cac68b7c78: 24c0 0000 | 00c5 7b10 | ac24 b800 | 0000 c57b | 10a4 24b0 | 0000 00c5 | 7b10 9c24 | a800 0000 
  0x000001cac68b7c98: c57b 1094 | 24a0 0000 | 00c5 7b10 | 8c24 9800 | 0000 c57b | 1084 2490 | 0000 00c5 | fb10 bc24 
  0x000001cac68b7cb8: 8800 0000 | c5fb 10b4 | 2480 0000 | 00c5 fb10 | 6c24 78c5 | fb10 6424 | 70c5 fb10 | 5c24 68c5 
  0x000001cac68b7cd8: fb10 5424 | 60c5 fb10 | 4c24 58c5 | fb10 4424 | 504c 8b5c | 2440 4c8b | 5424 384c | 8b4c 2430 
  0x000001cac68b7cf8: 4c8b 4424 | 2848 8b7c | 2420 488b | 7424 1848 | 8b54 2410 | 488b 4c24 | 0848 8b04 | 2448 81c4 
  0x000001cac68b7d18: d000 0000 | c5f8 7749 | 8b8f 2804 | 0000 c781 | 0001 0000 | 0000 0000 | c949 837f | 0800 0f85 
  0x000001cac68b7d38: 0100 0000 

  0x000001cac68b7d3c: ;   {runtime_call StubRoutines (initial stubs)}
  0x000001cac68b7d3c: c3e9 be91 | 9eff c5f8 | 7748 8945 | f84c 8be4 | 4883 ec20 | 4883 e4f0 

  0x000001cac68b7d54: ;   {runtime_call}
  0x000001cac68b7d54: 48b8 4045 | a744 fa7f | 0000 ffd0 | 498b e44d | 33e4 488b | 45f8 e930 | fdff fff4 
[/MachCode]


Compiled method (c1)    2224 1003   !   3       jdk.internal.loader.BuiltinClassLoader::loadClassOrNull (143 bytes)
 total in heap  [0x000001cabeee2290,0x000001cabeee3ad8] = 6216
 relocation     [0x000001cabeee23f0,0x000001cabeee2558] = 360
 main code      [0x000001cabeee2560,0x000001cabeee3428] = 3784
 stub code      [0x000001cabeee3428,0x000001cabeee34e8] = 192
 metadata       [0x000001cabeee34e8,0x000001cabeee3548] = 96
 scopes data    [0x000001cabeee3548,0x000001cabeee3770] = 552
 scopes pcs     [0x000001cabeee3770,0x000001cabeee3950] = 480
 dependencies   [0x000001cabeee3950,0x000001cabeee3960] = 16
 handler table  [0x000001cabeee3960,0x000001cabeee3ab0] = 336
 nul chk table  [0x000001cabeee3ab0,0x000001cabeee3ad8] = 40

[Constant Pool (empty)]

[MachCode]
[Entry Point]
  # {method} {0x000001cad7069810} 'loadClassOrNull' '(Ljava/lang/String;Z)Ljava/lang/Class;' in 'jdk/internal/loader/BuiltinClassLoader'
  # this:     rdx:rdx   = 'jdk/internal/loader/BuiltinClassLoader'
  # parm0:    r8:r8     = 'java/lang/String'
  # parm1:    r9        = boolean
  #           [sp+0xd0]  (sp of caller)
  0x000001cabeee2560: 448b 5208 | 49bb 0000 | 00d7 ca01 | 0000 4d03 | d34c 3bd0 

  0x000001cabeee2574: ;   {runtime_call ic_miss_stub}
  0x000001cabeee2574: 0f85 06c2 | 4007 660f | 1f44 0000 
[Verified Entry Point]
  0x000001cabeee2580: 8984 2400 | 80ff ff55 | 4881 ecc0 | 0000 0090 | 4181 7f20 | 0100 0000 

  0x000001cabeee2598: ;   {runtime_call StubRoutines (final stubs)}
  0x000001cabeee2598: 7405 e8c1 | 273f 0748 | 8954 2468 

  0x000001cabeee25a4: ;   {metadata(method data for {method} {0x000001cad7069810} 'loadClassOrNull' '(Ljava/lang/String;Z)Ljava/lang/Class;' in 'jdk/internal/loader/BuiltinClassLoader')}
  0x000001cabeee25a4: 48be 0055 | 1e18 cb01 | 0000 8bbe | cc00 0000 | 83c7 0289 | becc 0000 | 0081 e7fe | 0700 0085 
  0x000001cabeee25c4: ff0f 8439 | 0c00 0044 | 894c 2478 

  0x000001cabeee25d0: ;   {metadata(method data for {method} {0x000001cad7069810} 'loadClassOrNull' '(Ljava/lang/String;Z)Ljava/lang/Class;' in 'jdk/internal/loader/BuiltinClassLoader')}
  0x000001cabeee25d0: 488b f248 | bf00 551e | 18cb 0100 | 008b 7608 | 49ba 0000 | 00d7 ca01 | 0000 4903 | f248 3bb7 
  0x000001cabeee25f0: 2001 0000 | 750d 4883 | 8728 0100 | 0001 e960 | 0000 0048 | 3bb7 3001 | 0000 750d | 4883 8738 
  0x000001cabeee2610: 0100 0001 | e94a 0000 | 0048 83bf | 2001 0000 | 0075 1748 | 89b7 2001 | 0000 48c7 | 8728 0100 
  0x000001cabeee2630: 0001 0000 | 00e9 2900 | 0000 4883 | bf30 0100 | 0000 7517 | 4889 b730 | 0100 0048 | c787 3801 
  0x000001cabeee2650: 0000 0100 | 0000 e908 | 0000 0048 | 8387 1001 | 0000 0149 | 8bf0 4c8b | c648 8bfa | 488b d748 
  0x000001cabeee2670: 8974 2470 

  0x000001cabeee2674: ;   {optimized virtual_call}
  0x000001cabeee2674: 6666 90e8 

  0x000001cabeee2678: ; ImmutableOopMap {[104]=Oop [112]=Oop }
                      ;*invokevirtual getClassLoadingLock {reexecute=0 rethrow=0 return_oop=0}
                      ; - jdk.internal.loader.BuiltinClassLoader::loadClassOrNull@2 (line 651)
  0x000001cabeee2678: 04e8 ffff 

  0x000001cabeee267c: ;   {other}
  0x000001cabeee267c: 0f1f 8400 | ec03 0000 | 4889 8424 | 8000 0000 | 488d 9424 | a000 0000 | 488b f048 | 8972 0848 
  0x000001cabeee269c: 8b06 4883 | c801 4889 | 02f0 480f | b116 0f84 | 1200 0000 | 482b c448 | 2507 f0ff | ff48 8902 
  0x000001cabeee26bc: 0f85 680b | 0000 49ff | 8748 0500 | 0048 8b54 

  0x000001cabeee26cc: ;   {metadata(method data for {method} {0x000001cad7069810} 'loadClassOrNull' '(Ljava/lang/String;Z)Ljava/lang/Class;' in 'jdk/internal/loader/BuiltinClassLoader')}
  0x000001cabeee26cc: 2468 48be | 0055 1e18 | cb01 0000 | 4883 8648 | 0100 0001 

  0x000001cabeee26e0: ;   {metadata(method data for {method} {0x000001cad7439eb8} 'findLoadedClass' '(Ljava/lang/String;)Ljava/lang/Class;' in 'java/lang/ClassLoader')}
  0x000001cabeee26e0: 48ba e850 | 1e18 cb01 | 0000 8bb2 | cc00 0000 | 83c6 0289 | b2cc 0000 | 0081 e6fe | ff1f 0085 
  0x000001cabeee2700: f60f 8436 

  0x000001cabeee2704: ;   {metadata(method data for {method} {0x000001cad7439eb8} 'findLoadedClass' '(Ljava/lang/String;)Ljava/lang/Class;' in 'java/lang/ClassLoader')}
  0x000001cabeee2704: 0b00 0048 | bae8 501e | 18cb 0100 | 0048 8382 | 1001 0000 | 0148 8b54 

  0x000001cabeee271c: ;   {static_call}
  0x000001cabeee271c: 2470 90e8 

  0x000001cabeee2720: ; ImmutableOopMap {[104]=Oop [112]=Oop [128]=Oop [168]=Oop }
                      ;*invokestatic checkName {reexecute=0 rethrow=0 return_oop=0}
                      ; - java.lang.ClassLoader::findLoadedClass@1 (line 1298)
                      ; - jdk.internal.loader.BuiltinClassLoader::loadClassOrNull@10 (line 653)
  0x000001cabeee2720: 9c4e f7ff 

  0x000001cabeee2724: ;   {other}
  0x000001cabeee2724: 0f1f 8400 | 9404 0001 

  0x000001cabeee272c: ;   {metadata(method data for {method} {0x000001cad7439eb8} 'findLoadedClass' '(Ljava/lang/String;)Ljava/lang/Class;' in 'java/lang/ClassLoader')}
  0x000001cabeee272c: 85c0 49b8 | e850 1e18 | cb01 0000 | 48ba 2001 | 0000 0000 | 0000 750a | 48ba 3001 | 0000 0000 
  0x000001cabeee274c: 0000 498b | 3410 488d | 7601 4989 | 3410 0f85 | 0f00 0000 

  0x000001cabeee2760: ;   {oop(nullptr)}
  0x000001cabeee2760: 48be 0000 | 0000 0000 | 0000 e938 | 0000 0048 | 8b54 2468 

  0x000001cabeee2774: ;   {metadata(method data for {method} {0x000001cad7439eb8} 'findLoadedClass' '(Ljava/lang/String;)Ljava/lang/Class;' in 'java/lang/ClassLoader')}
  0x000001cabeee2774: 49b8 e850 | 1e18 cb01 | 0000 4983 | 8040 0100 | 0001 4c8b | 4424 7048 | 8b54 2468 | 0f1f 8000 
  0x000001cabeee2794: ;   {optimized virtual_call}
  0x000001cabeee2794: 0000 00e8 

  0x000001cabeee2798: ; ImmutableOopMap {[104]=Oop [112]=Oop [128]=Oop [168]=Oop }
                      ;*invokevirtual findLoadedClass0 {reexecute=0 rethrow=0 return_oop=0}
                      ; - java.lang.ClassLoader::findLoadedClass@11 (line 1300)
                      ; - jdk.internal.loader.BuiltinClassLoader::loadClassOrNull@10 (line 653)
  0x000001cabeee2798: 4439 9b07 

  0x000001cabeee279c: ;   {other}
  0x000001cabeee279c: 0f1f 8400 | 0c05 0002 | 488b f048 

  0x000001cabeee27a8: ;   {metadata(method data for {method} {0x000001cad7069810} 'loadClassOrNull' '(Ljava/lang/String;Z)Ljava/lang/Class;' in 'jdk/internal/loader/BuiltinClassLoader')}
  0x000001cabeee27a8: 85f6 49b8 | 0055 1e18 | cb01 0000 | 48ba 8001 | 0000 0000 | 0000 750a | 48ba 9001 | 0000 0000 
  0x000001cabeee27c8: 0000 498b | 3c10 488d | 7f01 4989 | 3c10 0f85 | 0308 0000 | 4889 b424 | 8800 0000 | 488b 5424 
  0x000001cabeee27e8: ;   {metadata(method data for {method} {0x000001cad7069810} 'loadClassOrNull' '(Ljava/lang/String;Z)Ljava/lang/Class;' in 'jdk/internal/loader/BuiltinClassLoader')}
  0x000001cabeee27e8: 6849 b800 | 551e 18cb | 0100 0049 | 8380 a001 | 0000 014c | 8b44 2470 | 488b 5424 

  0x000001cabeee2804: ;   {optimized virtual_call}
  0x000001cabeee2804: 6866 90e8 

  0x000001cabeee2808: ; ImmutableOopMap {[104]=Oop [112]=Oop [128]=Oop [136]=Oop [168]=Oop }
                      ;*invokevirtual findLoadedModule {reexecute=0 rethrow=0 return_oop=0}
                      ; - jdk.internal.loader.BuiltinClassLoader::loadClassOrNull@22 (line 658)
  0x000001cabeee2808: d4f1 ffff 

  0x000001cabeee280c: ;   {other}
  0x000001cabeee280c: 0f1f 8400 | 7c05 0003 

  0x000001cabeee2814: ;   {metadata(method data for {method} {0x000001cad7069810} 'loadClassOrNull' '(Ljava/lang/String;Z)Ljava/lang/Class;' in 'jdk/internal/loader/BuiltinClassLoader')}
  0x000001cabeee2814: 4885 c049 | b800 551e | 18cb 0100 | 0049 b9d8 | 0100 0000 | 0000 0074 | 0a49 b9e8 | 0100 0000 
  0x000001cabeee2834: 0000 004b | 8b14 0848 | 8d52 014b | 8914 0848 | 8b54 2468 | 0f84 a703 | 0000 483b | 004c 8bc0 
  0x000001cabeee2854: ;   {metadata(method data for {method} {0x000001cad7069810} 'loadClassOrNull' '(Ljava/lang/String;Z)Ljava/lang/Class;' in 'jdk/internal/loader/BuiltinClassLoader')}
  0x000001cabeee2854: 49b9 0055 | 1e18 cb01 

  0x000001cabeee285c: ;   {metadata('jdk/internal/loader/BuiltinClassLoader$LoadedModule')}
  0x000001cabeee285c: 0000 49ba | d054 17d7 | ca01 0000 | 4d89 9108 | 0200 0049 | 8381 1002 | 0000 018b | 700c 48c1 
  0x000001cabeee287c: e603 483b 

  0x000001cabeee2880: ;   {metadata(method data for {method} {0x000001cad7069810} 'loadClassOrNull' '(Ljava/lang/String;Z)Ljava/lang/Class;' in 'jdk/internal/loader/BuiltinClassLoader')}
  0x000001cabeee2880: f249 b800 | 551e 18cb | 0100 0049 | b930 0200 | 0000 0000 | 0075 0a49 | b940 0200 | 0000 0000 
  0x000001cabeee28a0: 004b 8b3c | 0848 8d7f | 014b 893c | 080f 852a 

  0x000001cabeee28b0: ;   {metadata(method data for {method} {0x000001cad7069810} 'loadClassOrNull' '(Ljava/lang/String;Z)Ljava/lang/Class;' in 'jdk/internal/loader/BuiltinClassLoader')}
  0x000001cabeee28b0: 0200 0049 | b800 551e | 18cb 0100 | 0049 8380 | 5002 0000 

  0x000001cabeee28c4: ;   {metadata(method data for {method} {0x000001cad7453ea0} 'isModuleSystemInited' '()Z' in 'jdk/internal/misc/VM')}
  0x000001cabeee28c4: 0149 b810 | 2d14 18cb | 0100 0045 | 8b88 cc00 | 0000 4183 | c102 4589 | 88cc 0000 | 0041 81e1 
  0x000001cabeee28e4: feff 1f00 | 4585 c90f | 8472 0900 

  0x000001cabeee28f0: ;   {oop(a 'java/lang/Class'{0x0000000712e212e8} = 'jdk/internal/misc/VM')}
  0x000001cabeee28f0: 0049 b8e8 | 12e2 1207 | 0000 0045 | 8b80 9400 | 0000 4183 

  0x000001cabeee2904: ;   {metadata(method data for {method} {0x000001cad7453ea0} 'isModuleSystemInited' '()Z' in 'jdk/internal/misc/VM')}
  0x000001cabeee2904: f802 49b8 | 102d 1418 | cb01 0000 | 49b9 1001 | 0000 0000 | 0000 7c0a | 49b9 2001 | 0000 0000 
  0x000001cabeee2924: 0000 4b8b | 3408 488d | 7601 4b89 | 3408 0f8c | 1c00 0000 

  0x000001cabeee2938: ;   {metadata(method data for {method} {0x000001cad7453ea0} 'isModuleSystemInited' '()Z' in 'jdk/internal/misc/VM')}
  0x000001cabeee2938: 49b8 102d | 1418 cb01 | 0000 41ff | 8030 0100 | 0041 b801 | 0000 00e9 | 0600 0000 | 41b8 0000 
  0x000001cabeee2958: 0000 4183 | e001 4585 

  0x000001cabeee2960: ;   {metadata(method data for {method} {0x000001cad7069810} 'loadClassOrNull' '(Ljava/lang/String;Z)Ljava/lang/Class;' in 'jdk/internal/loader/BuiltinClassLoader')}
  0x000001cabeee2960: c049 b800 | 551e 18cb | 0100 0049 | b970 0200 | 0000 0000 | 0075 0a49 | b960 0200 | 0000 0000 
  0x000001cabeee2980: 004b 8b34 | 0848 8d76 | 014b 8934 | 080f 850d | 0000 0048 | 8bb4 2488 | 0000 00e9 | 3f02 0000 
  0x000001cabeee29a0: ;   {metadata(method data for {method} {0x000001cad7069810} 'loadClassOrNull' '(Ljava/lang/String;Z)Ljava/lang/Class;' in 'jdk/internal/loader/BuiltinClassLoader')}
  0x000001cabeee29a0: 4c8b c249 | b900 551e | 18cb 0100 | 0049 8381 | 8002 0000 

  0x000001cabeee29b4: ;   {metadata(method data for {method} {0x000001cad7069f48} 'findClassInModuleOrNull' '(Ljdk/internal/loader/BuiltinClassLoader$LoadedModule;Ljava/lang/String;)Ljava/lang/Class;' in 'jdk/internal/loader/BuiltinClassLoader')}
  0x000001cabeee29b4: 0149 b820 | 5a1e 18cb | 0100 0045 | 8b88 cc00 | 0000 4183 | c102 4589 | 88cc 0000 | 0041 81e1 
  0x000001cabeee29d4: feff 1f00 | 4585 c90f | 84a3 0800 

  0x000001cabeee29e0: ;   {metadata(method data for {method} {0x000001cad7069f48} 'findClassInModuleOrNull' '(Ljdk/internal/loader/BuiltinClassLoader$LoadedModule;Ljava/lang/String;)Ljava/lang/Class;' in 'jdk/internal/loader/BuiltinClassLoader')}
  0x000001cabeee29e0: 0049 b820 | 5a1e 18cb | 0100 0049 | 8380 1001 

  0x000001cabeee29f0: ;   {metadata(method data for {method} {0x000001cad701ada0} 'getSecurityManager' '()Ljava/lang/SecurityManager;' in 'java/lang/System')}
  0x000001cabeee29f0: 0000 0149 | b870 6903 | 18cb 0100 | 0045 8b88 | cc00 0000 | 4183 c102 | 4589 88cc | 0000 0041 
  0x000001cabeee2a10: 81e1 feff | 1f00 4585 | c90f 8486 

  0x000001cabeee2a1c: ;   {metadata(method data for {method} {0x000001cad701ada0} 'getSecurityManager' '()Ljava/lang/SecurityManager;' in 'java/lang/System')}
  0x000001cabeee2a1c: 0800 0049 | b870 6903 | 18cb 0100 | 0049 8380 | 1001 0000 

  0x000001cabeee2a30: ;   {metadata(method data for {method} {0x000001cad701aeb8} 'allowSecurityManager' '()Z' in 'java/lang/System')}
  0x000001cabeee2a30: 0149 b8e8 | 6a03 18cb | 0100 0045 | 8b88 cc00 | 0000 4183 | c102 4589 | 88cc 0000 | 0041 81e1 
  0x000001cabeee2a50: feff 1f00 | 4585 c90f | 8469 0800 

  0x000001cabeee2a5c: ;   {metadata(method data for {method} {0x000001cad701aeb8} 'allowSecurityManager' '()Z' in 'java/lang/System')}
  0x000001cabeee2a5c: 0049 b8e8 | 6a03 18cb | 0100 0041 | ff80 1001 

  0x000001cabeee2a6c: ;   {metadata(method data for {method} {0x000001cad701ada0} 'getSecurityManager' '()Ljava/lang/SecurityManager;' in 'java/lang/System')}
  0x000001cabeee2a6c: 0000 49b8 | 7069 0318 | cb01 0000 | 41ff 8020 

  0x000001cabeee2a7c: ;   {metadata(method data for {method} {0x000001cad7069f48} 'findClassInModuleOrNull' '(Ljdk/internal/loader/BuiltinClassLoader$LoadedModule;Ljava/lang/String;)Ljava/lang/Class;' in 'jdk/internal/loader/BuiltinClassLoader')}
  0x000001cabeee2a7c: 0100 0049 | b820 5a1e | 18cb 0100 | 0041 ff80 | 3001 0000 

  0x000001cabeee2a90: ;   {metadata(method data for {method} {0x000001cad7069f48} 'findClassInModuleOrNull' '(Ljdk/internal/loader/BuiltinClassLoader$LoadedModule;Ljava/lang/String;)Ljava/lang/Class;' in 'jdk/internal/loader/BuiltinClassLoader')}
  0x000001cabeee2a90: 4c8b c249 | b920 5a1e | 18cb 0100 | 0049 8381 | 4001 0000 | 014c 8b44 | 2470 4c8b | c848 8bf2 
  0x000001cabeee2ab0: 488b d60f 

  0x000001cabeee2ab4: ;   {optimized virtual_call}
  0x000001cabeee2ab4: 1f40 00e8 

  0x000001cabeee2ab8: ; ImmutableOopMap {[104]=Oop [128]=Oop [168]=Oop }
                      ;*invokevirtual defineClass {reexecute=0 rethrow=0 return_oop=0}
                      ; - jdk.internal.loader.BuiltinClassLoader::findClassInModuleOrNull@9 (line 741)
                      ; - jdk.internal.loader.BuiltinClassLoader::loadClassOrNull@55 (line 665)
  0x000001cabeee2ab8: cd09 0000 

  0x000001cabeee2abc: ;   {other}
  0x000001cabeee2abc: 0f1f 8400 | 2c08 0004 

  0x000001cabeee2ac4: ;   {metadata(method data for {method} {0x000001cad7069810} 'loadClassOrNull' '(Ljava/lang/String;Z)Ljava/lang/Class;' in 'jdk/internal/loader/BuiltinClassLoader')}
  0x000001cabeee2ac4: 49b8 0055 | 1e18 cb01 | 0000 41ff | 80b8 0200 | 0048 8bf0 | e902 0100 | 0048 3b06 

  0x000001cabeee2ae0: ;   {metadata(method data for {method} {0x000001cad7069810} 'loadClassOrNull' '(Ljava/lang/String;Z)Ljava/lang/Class;' in 'jdk/internal/loader/BuiltinClassLoader')}
  0x000001cabeee2ae0: 4c8b c649 | b900 551e | 18cb 0100 | 0049 8381 | d002 0000 

  0x000001cabeee2af4: ;   {metadata(method data for {method} {0x000001cad7069ff8} 'loadClassOrNull' '(Ljava/lang/String;)Ljava/lang/Class;' in 'jdk/internal/loader/BuiltinClassLoader')}
  0x000001cabeee2af4: 0149 b810 | 621e 18cb | 0100 0045 | 8b88 cc00 | 0000 4183 | c102 4589 | 88cc 0000 | 0041 81e1 
  0x000001cabeee2b14: feff 1f00 | 4585 c90f | 84cb 0700 | 004c 8bc6 

  0x000001cabeee2b24: ;   {metadata(method data for {method} {0x000001cad7069ff8} 'loadClassOrNull' '(Ljava/lang/String;)Ljava/lang/Class;' in 'jdk/internal/loader/BuiltinClassLoader')}
  0x000001cabeee2b24: 49b9 1062 | 1e18 cb01 | 0000 458b | 4008 49ba | 0000 00d7 | ca01 0000 | 4d03 c24d | 3b81 2001 
  0x000001cabeee2b44: 0000 750d | 4983 8128 | 0100 0001 | e960 0000 | 004d 3b81 | 3001 0000 | 750d 4983 | 8138 0100 
  0x000001cabeee2b64: 0001 e94a | 0000 0049 | 83b9 2001 | 0000 0075 | 174d 8981 | 2001 0000 | 49c7 8128 | 0100 0001 
  0x000001cabeee2b84: 0000 00e9 | 2900 0000 | 4983 b930 | 0100 0000 | 7517 4d89 | 8130 0100 | 0049 c781 | 3801 0000 
  0x000001cabeee2ba4: 0100 0000 | e908 0000 | 0049 8381 | 1001 0000 | 014c 8b44 | 2470 41b9 | 0000 0000 | 488b d666 
  0x000001cabeee2bc4: 9048 b8ff | ffff ffff 

  0x000001cabeee2bcc: ;   {virtual_call}
  0x000001cabeee2bcc: ffff ffe8 

  0x000001cabeee2bd0: ; ImmutableOopMap {[104]=Oop [128]=Oop [168]=Oop }
                      ;*invokevirtual loadClassOrNull {reexecute=0 rethrow=0 return_oop=0}
                      ; - jdk.internal.loader.BuiltinClassLoader::loadClassOrNull@3 (line 700)
                      ; - jdk.internal.loader.BuiltinClassLoader::loadClassOrNull@66 (line 669)
  0x000001cabeee2bd0: 8c8b 4007 

  0x000001cabeee2bd4: ;   {other}
  0x000001cabeee2bd4: 0f1f 8400 | 4409 0005 

  0x000001cabeee2bdc: ;   {metadata(method data for {method} {0x000001cad7069810} 'loadClassOrNull' '(Ljava/lang/String;Z)Ljava/lang/Class;' in 'jdk/internal/loader/BuiltinClassLoader')}
  0x000001cabeee2bdc: 488b f049 | b800 551e | 18cb 0100 | 0041 ff80 | 0803 0000 | e9ea 0300 | 008b 7254 | 48c1 e603 
  0x000001cabeee2bfc: ;   {metadata(method data for {method} {0x000001cad7069810} 'loadClassOrNull' '(Ljava/lang/String;Z)Ljava/lang/Class;' in 'jdk/internal/loader/BuiltinClassLoader')}
  0x000001cabeee2bfc: 4885 f649 | b800 551e | 18cb 0100 | 0049 b930 | 0300 0000 | 0000 0075 | 0a49 b920 | 0300 0000 
  0x000001cabeee2c1c: 0000 004b | 8b3c 0848 | 8d7f 014b | 893c 080f | 850d 0000 | 0048 8bb4 | 2488 0000 | 00e9 0101 
  0x000001cabeee2c3c: 0000 483b | 064c 8bc6 

  0x000001cabeee2c44: ;   {metadata(method data for {method} {0x000001cad7069810} 'loadClassOrNull' '(Ljava/lang/String;Z)Ljava/lang/Class;' in 'jdk/internal/loader/BuiltinClassLoader')}
  0x000001cabeee2c44: 49b9 0055 | 1e18 cb01 | 0000 4983 | 8140 0300 

  0x000001cabeee2c54: ;   {metadata(method data for {method} {0x000001cad7069ff8} 'loadClassOrNull' '(Ljava/lang/String;)Ljava/lang/Class;' in 'jdk/internal/loader/BuiltinClassLoader')}
  0x000001cabeee2c54: 0001 49b8 | 1062 1e18 | cb01 0000 | 458b 88cc | 0000 0041 | 83c1 0245 | 8988 cc00 | 0000 4181 
  0x000001cabeee2c74: e1fe ff1f | 0045 85c9 | 0f84 9006 | 0000 4c8b 

  0x000001cabeee2c84: ;   {metadata(method data for {method} {0x000001cad7069ff8} 'loadClassOrNull' '(Ljava/lang/String;)Ljava/lang/Class;' in 'jdk/internal/loader/BuiltinClassLoader')}
  0x000001cabeee2c84: c649 b910 | 621e 18cb | 0100 0045 | 8b40 0849 | ba00 0000 | d7ca 0100 | 004d 03c2 | 4d3b 8120 
  0x000001cabeee2ca4: 0100 0075 | 0d49 8381 | 2801 0000 | 01e9 6000 | 0000 4d3b | 8130 0100 | 0075 0d49 | 8381 3801 
  0x000001cabeee2cc4: 0000 01e9 | 4a00 0000 | 4983 b920 | 0100 0000 | 7517 4d89 | 8120 0100 | 0049 c781 | 2801 0000 
  0x000001cabeee2ce4: 0100 0000 | e929 0000 | 0049 83b9 | 3001 0000 | 0075 174d | 8981 3001 | 0000 49c7 | 8138 0100 
  0x000001cabeee2d04: 0001 0000 | 00e9 0800 | 0000 4983 | 8110 0100 | 0001 4c8b | 4424 7041 | b900 0000 | 0048 8bd6 
  0x000001cabeee2d24: 9048 b8ff | ffff ffff 

  0x000001cabeee2d2c: ;   {virtual_call}
  0x000001cabeee2d2c: ffff ffe8 

  0x000001cabeee2d30: ; ImmutableOopMap {[104]=Oop [112]=Oop [128]=Oop [168]=Oop }
                      ;*invokevirtual loadClassOrNull {reexecute=0 rethrow=0 return_oop=0}
                      ; - jdk.internal.loader.BuiltinClassLoader::loadClassOrNull@3 (line 700)
                      ; - jdk.internal.loader.BuiltinClassLoader::loadClassOrNull@86 (line 676)
  0x000001cabeee2d30: 4cc0 4007 

  0x000001cabeee2d34: ;   {other}
  0x000001cabeee2d34: 0f1f 8400 | a40a 0006 | 488b f048 

  0x000001cabeee2d40: ;   {metadata(method data for {method} {0x000001cad7069810} 'loadClassOrNull' '(Ljava/lang/String;Z)Ljava/lang/Class;' in 'jdk/internal/loader/BuiltinClassLoader')}
  0x000001cabeee2d40: 85f6 49b8 | 0055 1e18 | cb01 0000 | 48ba 7803 | 0000 0000 | 0000 750a | 48ba 8803 | 0000 0000 
  0x000001cabeee2d60: 0000 498b | 3c10 488d | 7f01 4989 | 3c10 0f85 | 6b02 0000 | 488b 5424 | 684c 8bc2 

  0x000001cabeee2d7c: ;   {metadata(method data for {method} {0x000001cad7069810} 'loadClassOrNull' '(Ljava/lang/String;Z)Ljava/lang/Class;' in 'jdk/internal/loader/BuiltinClassLoader')}
  0x000001cabeee2d7c: 48bf 0055 | 1e18 cb01 | 0000 458b | 4008 49ba | 0000 00d7 | ca01 0000 | 4d03 c24c | 3b87 a803 
  0x000001cabeee2d9c: 0000 750d | 4883 87b0 | 0300 0001 | e960 0000 | 004c 3b87 | b803 0000 | 750d 4883 | 87c0 0300 
  0x000001cabeee2dbc: 0001 e94a | 0000 0048 | 83bf a803 | 0000 0075 | 174c 8987 | a803 0000 | 48c7 87b0 | 0300 0001 
  0x000001cabeee2ddc: 0000 00e9 | 2900 0000 | 4883 bfb8 | 0300 0000 | 7517 4c89 | 87b8 0300 | 0048 c787 | c003 0000 
  0x000001cabeee2dfc: 0100 0000 | e908 0000 | 0048 8387 | 9803 0000 

  0x000001cabeee2e0c: ;   {metadata(method data for {method} {0x000001cad70697b8} 'hasClassPath' '()Z' in 'jdk/internal/loader/BuiltinClassLoader')}
  0x000001cabeee2e0c: 0149 b8a0 | 631e 18cb | 0100 0041 | 8bb8 cc00 | 0000 83c7 | 0241 89b8 | cc00 0000 | 81e7 feff 
  0x000001cabeee2e2c: 1f00 85ff | 0f84 fd04 | 0000 448b | 4258 49c1 | e003 4d85 

  0x000001cabeee2e40: ;   {metadata(method data for {method} {0x000001cad70697b8} 'hasClassPath' '()Z' in 'jdk/internal/loader/BuiltinClassLoader')}
  0x000001cabeee2e40: c049 b8a0 | 631e 18cb | 0100 0048 | bf10 0100 | 0000 0000 | 0074 0a48 | bf20 0100 | 0000 0000 
  0x000001cabeee2e60: 0049 8b1c | 3848 8d5b | 0149 891c | 380f 841c 

  0x000001cabeee2e70: ;   {metadata(method data for {method} {0x000001cad70697b8} 'hasClassPath' '()Z' in 'jdk/internal/loader/BuiltinClassLoader')}
  0x000001cabeee2e70: 0000 0049 | b8a0 631e | 18cb 0100 | 0041 ff80 | 3001 0000 | 41b8 0100 | 0000 e906 | 0000 0041 
  0x000001cabeee2e90: b800 0000 | 0041 83e0 | 0145 85c0 

  0x000001cabeee2e9c: ;   {metadata(method data for {method} {0x000001cad7069810} 'loadClassOrNull' '(Ljava/lang/String;Z)Ljava/lang/Class;' in 'jdk/internal/loader/BuiltinClassLoader')}
  0x000001cabeee2e9c: 49b8 0055 | 1e18 cb01 | 0000 48bf | d003 0000 | 0000 0000 | 740a 48bf | e003 0000 | 0000 0000 
  0x000001cabeee2ebc: 498b 1c38 | 488d 5b01 | 4989 1c38 | 0f84 1101 

  0x000001cabeee2ecc: ;   {metadata(method data for {method} {0x000001cad7069810} 'loadClassOrNull' '(Ljava/lang/String;Z)Ljava/lang/Class;' in 'jdk/internal/loader/BuiltinClassLoader')}
  0x000001cabeee2ecc: 0000 49b8 | 0055 1e18 | cb01 0000 | 4983 80f0 | 0300 0001 

  0x000001cabeee2ee0: ;   {metadata(method data for {method} {0x000001cad7453ea0} 'isModuleSystemInited' '()Z' in 'jdk/internal/misc/VM')}
  0x000001cabeee2ee0: 49b8 102d | 1418 cb01 | 0000 418b | b8cc 0000 | 0083 c702 | 4189 b8cc | 0000 0081 | e7fe ff1f 
  0x000001cabeee2f00: 0085 ff0f | 844b 0400 

  0x000001cabeee2f08: ;   {oop(a 'java/lang/Class'{0x0000000712e212e8} = 'jdk/internal/misc/VM')}
  0x000001cabeee2f08: 0049 b8e8 | 12e2 1207 | 0000 0045 | 8b80 9400 | 0000 4183 

  0x000001cabeee2f1c: ;   {metadata(method data for {method} {0x000001cad7453ea0} 'isModuleSystemInited' '()Z' in 'jdk/internal/misc/VM')}
  0x000001cabeee2f1c: f802 49b8 | 102d 1418 | cb01 0000 | 48bf 1001 | 0000 0000 | 0000 7c0a | 48bf 2001 | 0000 0000 
  0x000001cabeee2f3c: 0000 498b | 1c38 488d | 5b01 4989 | 1c38 0f8c | 1c00 0000 

  0x000001cabeee2f50: ;   {metadata(method data for {method} {0x000001cad7453ea0} 'isModuleSystemInited' '()Z' in 'jdk/internal/misc/VM')}
  0x000001cabeee2f50: 49b8 102d | 1418 cb01 | 0000 41ff | 8030 0100 | 0041 b801 | 0000 00e9 | 0600 0000 | 41b8 0000 
  0x000001cabeee2f70: 0000 4183 | e001 4585 

  0x000001cabeee2f78: ;   {metadata(method data for {method} {0x000001cad7069810} 'loadClassOrNull' '(Ljava/lang/String;Z)Ljava/lang/Class;' in 'jdk/internal/loader/BuiltinClassLoader')}
  0x000001cabeee2f78: c049 b800 | 551e 18cb | 0100 0048 | bf00 0400 | 0000 0000 | 0074 0a48 | bf10 0400 | 0000 0000 
  0x000001cabeee2f98: 0049 8b1c | 3848 8d5b | 0149 891c | 380f 8434 | 0000 004c | 8b44 2470 

  0x000001cabeee2fb0: ;   {metadata(method data for {method} {0x000001cad7069810} 'loadClassOrNull' '(Ljava/lang/String;Z)Ljava/lang/Class;' in 'jdk/internal/loader/BuiltinClassLoader')}
  0x000001cabeee2fb0: 488b f248 | bf00 551e | 18cb 0100 | 0048 8387 | 2004 0000 | 0148 8bf2 | 488b d60f 

  0x000001cabeee2fcc: ;   {optimized virtual_call}
  0x000001cabeee2fcc: 1f40 00e8 

  0x000001cabeee2fd0: ; ImmutableOopMap {[104]=Oop [128]=Oop [168]=Oop }
                      ;*invokevirtual findClassOnClassPathOrNull {reexecute=0 rethrow=0 return_oop=0}
                      ; - jdk.internal.loader.BuiltinClassLoader::loadClassOrNull@111 (line 681)
  0x000001cabeee2fd0: acba 4007 

  0x000001cabeee2fd4: ;   {other}
  0x000001cabeee2fd4: 0f1f 8400 | 440d 0007 | 488b f044 | 8b4c 2478 

  0x000001cabeee2fe4: ;   {metadata(method data for {method} {0x000001cad7069810} 'loadClassOrNull' '(Ljava/lang/String;Z)Ljava/lang/Class;' in 'jdk/internal/loader/BuiltinClassLoader')}
  0x000001cabeee2fe4: 4585 c948 | b800 551e | 18cb 0100 | 0048 ba58 | 0400 0000 | 0000 0074 | 0a48 ba68 | 0400 0000 
  0x000001cabeee3004: 0000 0048 | 8b3c 1048 | 8d7f 0148 | 893c 100f | 84a8 0000 | 0048 85f6 

  0x000001cabeee301c: ;   {metadata(method data for {method} {0x000001cad7069810} 'loadClassOrNull' '(Ljava/lang/String;Z)Ljava/lang/Class;' in 'jdk/internal/loader/BuiltinClassLoader')}
  0x000001cabeee301c: 48b8 0055 | 1e18 cb01 | 0000 48ba | 7804 0000 | 0000 0000 | 740a 48ba | 8804 0000 | 0000 0000 
  0x000001cabeee303c: 488b 3c10 | 488d 7f01 | 4889 3c10 | 0f84 7300 | 0000 488b 

  0x000001cabeee3050: ;   {metadata(method data for {method} {0x000001cad7069810} 'loadClassOrNull' '(Ljava/lang/String;Z)Ljava/lang/Class;' in 'jdk/internal/loader/BuiltinClassLoader')}
  0x000001cabeee3050: 5424 6848 | b800 551e | 18cb 0100 | 0048 8380 | 9804 0000 

  0x000001cabeee3064: ;   {metadata(method data for {method} {0x000001cad7439e08} 'resolveClass' '(Ljava/lang/Class;)V' in 'java/lang/ClassLoader')}
  0x000001cabeee3064: 0148 b808 | 681e 18cb | 0100 008b | 90cc 0000 | 0083 c202 | 8990 cc00 | 0000 81e2 | feff 1f00 
  0x000001cabeee3084: 85d2 0f84 | e902 0000 

  0x000001cabeee308c: ;   {metadata(method data for {method} {0x000001cad7439e08} 'resolveClass' '(Ljava/lang/Class;)V' in 'java/lang/ClassLoader')}
  0x000001cabeee308c: 4885 f648 | b808 681e | 18cb 0100 | 0048 ba20 | 0100 0000 | 0000 0074 | 0a48 ba10 | 0100 0000 
  0x000001cabeee30ac: 0000 0048 | 8b3c 1048 | 8d7f 0148 | 893c 100f | 8443 0000 | 0048 8d84 | 24a0 0000 | 0048 8b10 
  0x000001cabeee30cc: 4885 d20f | 840f 0000 | 0048 8b78 | 08f0 480f | b117 0f85 | b202 0000 | 49ff 8f48 | 0500 0048 
  0x000001cabeee30ec: 8bc6 4881 | c4c0 0000 

  0x000001cabeee30f4: ;   {poll_return}
  0x000001cabeee30f4: 005d 493b | a748 0400 | 000f 87a9 | 0200 00c3 | 4889 b424 | 9800 0000 | 0f1f 4000 

  0x000001cabeee3110: ;   {no_reloc}
  0x000001cabeee3110: e9bc 0200 | 0000 0000 | 0000 498b | 87b8 0100 | 0048 8d78 | 3049 3bbf | c801 0000 | 0f87 a902 
  0x000001cabeee3130: 0000 4989 | bfb8 0100 | 0048 c700 | 0100 0000 | 488b ca49 | ba00 0000 | d7ca 0100 | 0049 2bca 
  0x000001cabeee3150: 8948 0848 | 33c9 8948 | 0c48 33c9 | 4889 4810 | 4889 4818 | 4889 4820 | 4889 4828 

  0x000001cabeee316c: ;   {metadata(method data for {method} {0x000001cad7439e08} 'resolveClass' '(Ljava/lang/Class;)V' in 'java/lang/ClassLoader')}
  0x000001cabeee316c: 488b d048 | be08 681e | 18cb 0100 | 0048 8386 | 3001 0000 | 0148 8bd0 | 4889 8424 | 9000 0000 
  0x000001cabeee318c: ;   {optimized virtual_call}
  0x000001cabeee318c: 6666 90e8 

  0x000001cabeee3190: ; ImmutableOopMap {[128]=Oop [144]=Oop [152]=Oop [168]=Oop }
                      ;*invokespecial <init> {reexecute=0 rethrow=0 return_oop=0}
                      ; - java.lang.ClassLoader::resolveClass@8 (line 1238)
                      ; - jdk.internal.loader.BuiltinClassLoader::loadClassOrNull@128 (line 688)
  0x000001cabeee3190: ecb8 4007 

  0x000001cabeee3194: ;   {other}
  0x000001cabeee3194: 0f1f 8400 | 040f 0008 | 488b 8424 

  0x000001cabeee31a0: ; ImmutableOopMap {rax=Oop [128]=Oop [152]=Oop [168]=Oop }
                      ;*athrow {reexecute=1 rethrow=0 return_oop=0}
                      ; - (reexecute) java.lang.ClassLoader::resolveClass@11 (line 1238)
                      ; - jdk.internal.loader.BuiltinClassLoader::loadClassOrNull@128 (line 688)
  0x000001cabeee31a0: 9000 0000 

  0x000001cabeee31a4: ;   {section_word}
  0x000001cabeee31a4: 48ba a431 | eebe ca01 

  0x000001cabeee31ac: ;   {runtime_call handle_exception_nofpu Runtime1 stub}
  0x000001cabeee31ac: 0000 e84d | 214d 0790 | 498b 87f8 | 0400 004d | 33d2 4d89 | 97f8 0400 | 004d 33d2 | 4d89 9700 
  0x000001cabeee31cc: 0500 0048 | 8bf0 488d | 8424 a000 | 0000 488b | 3848 85ff | 0f84 0f00 | 0000 488b | 5808 f048 
  0x000001cabeee31ec: 0fb1 3b0f | 85f3 0100 | 0049 ff8f | 4805 0000 | 488b c6e9 | 1702 0000 

  0x000001cabeee3204: ;   {metadata({method} {0x000001cad7069810} 'loadClassOrNull' '(Ljava/lang/String;Z)Ljava/lang/Class;' in 'jdk/internal/loader/BuiltinClassLoader')}
  0x000001cabeee3204: 49ba 0898 | 06d7 ca01 | 0000 4c89 | 5424 0848 | c704 24ff 

  0x000001cabeee3218: ;   {runtime_call counter_overflow Runtime1 stub}
  0x000001cabeee3218: ffff ffe8 

  0x000001cabeee321c: ; ImmutableOopMap {rdx=Oop r8=Oop [104]=Oop }
                      ;*synchronization entry
                      ; - jdk.internal.loader.BuiltinClassLoader::loadClassOrNull@-1 (line 651)
  0x000001cabeee321c: e059 4d07 | e9a6 f3ff 

  0x000001cabeee3224: ;   {runtime_call throw_null_pointer_exception Runtime1 stub}
  0x000001cabeee3224: ffe8 d608 

  0x000001cabeee3228: ; ImmutableOopMap {rsi=Oop [104]=Oop [112]=Oop [128]=Oop }
                      ;*monitorenter {reexecute=0 rethrow=0 return_oop=0}
                      ; - jdk.internal.loader.BuiltinClassLoader::loadClassOrNull@7 (line 651)
  0x000001cabeee3228: 4d07 4889 | 7424 0848 

  0x000001cabeee3230: ;   {runtime_call monitorenter_nofpu Runtime1 stub}
  0x000001cabeee3230: 8914 24e8 

  0x000001cabeee3234: ; ImmutableOopMap {rsi=Oop [104]=Oop [112]=Oop [128]=Oop [168]=Oop }
                      ;*monitorenter {reexecute=0 rethrow=0 return_oop=0}
                      ; - jdk.internal.loader.BuiltinClassLoader::loadClassOrNull@7 (line 651)
  0x000001cabeee3234: c838 4d07 | e98c f4ff 

  0x000001cabeee323c: ;   {metadata({method} {0x000001cad7439eb8} 'findLoadedClass' '(Ljava/lang/String;)Ljava/lang/Class;' in 'java/lang/ClassLoader')}
  0x000001cabeee323c: ff49 bab0 | 9e43 d7ca | 0100 004c | 8954 2408 | 48c7 0424 | ffff ffff 

  0x000001cabeee3254: ;   {runtime_call counter_overflow Runtime1 stub}
  0x000001cabeee3254: e8a7 594d 

  0x000001cabeee3258: ; ImmutableOopMap {[104]=Oop [112]=Oop [128]=Oop [168]=Oop }
                      ;*synchronization entry
                      ; - java.lang.ClassLoader::findLoadedClass@-1 (line 1298)
                      ; - jdk.internal.loader.BuiltinClassLoader::loadClassOrNull@10 (line 653)
  0x000001cabeee3258: 07e9 a9f4 

  0x000001cabeee325c: ;   {runtime_call throw_null_pointer_exception Runtime1 stub}
  0x000001cabeee325c: ffff e89d 

  0x000001cabeee3260: ; ImmutableOopMap {rax=Oop rdx=Oop [104]=Oop [112]=Oop [128]=Oop [136]=Oop [168]=Oop }
                      ;*invokevirtual loader {reexecute=0 rethrow=0 return_oop=0}
                      ; - jdk.internal.loader.BuiltinClassLoader::loadClassOrNull@34 (line 662)
                      ;   {metadata({method} {0x000001cad7453ea0} 'isModuleSystemInited' '()Z' in 'jdk/internal/misc/VM')}
  0x000001cabeee3260: 084d 0749 | ba98 3e45 | d7ca 0100 | 004c 8954 | 2408 48c7 | 0424 ffff 

  0x000001cabeee3278: ;   {runtime_call counter_overflow Runtime1 stub}
  0x000001cabeee3278: ffff e881 

  0x000001cabeee327c: ; ImmutableOopMap {rax=Oop rdx=Oop [104]=Oop [112]=Oop [128]=Oop [136]=Oop [168]=Oop }
                      ;*synchronization entry
                      ; - jdk.internal.misc.VM::isModuleSystemInited@-1 (line 91)
                      ; - jdk.internal.loader.BuiltinClassLoader::loadClassOrNull@45 (line 664)
  0x000001cabeee327c: 594d 07e9 | 6df6 ffff 

  0x000001cabeee3284: ;   {metadata({method} {0x000001cad7069f48} 'findClassInModuleOrNull' '(Ljdk/internal/loader/BuiltinClassLoader$LoadedModule;Ljava/lang/String;)Ljava/lang/Class;' in 'jdk/internal/loader/BuiltinClassLoader')}
  0x000001cabeee3284: 49ba 409f | 06d7 ca01 | 0000 4c89 | 5424 0848 | c704 24ff 

  0x000001cabeee3298: ;   {runtime_call counter_overflow Runtime1 stub}
  0x000001cabeee3298: ffff ffe8 

  0x000001cabeee329c: ; ImmutableOopMap {rdx=Oop rax=Oop [104]=Oop [112]=Oop [128]=Oop [168]=Oop }
                      ;*synchronization entry
                      ; - jdk.internal.loader.BuiltinClassLoader::findClassInModuleOrNull@-1 (line 740)
                      ; - jdk.internal.loader.BuiltinClassLoader::loadClassOrNull@55 (line 665)
  0x000001cabeee329c: 6059 4d07 | e93c f7ff 

  0x000001cabeee32a4: ;   {metadata({method} {0x000001cad701ada0} 'getSecurityManager' '()Ljava/lang/SecurityManager;' in 'java/lang/System')}
  0x000001cabeee32a4: ff49 ba98 | ad01 d7ca | 0100 004c | 8954 2408 | 48c7 0424 | ffff ffff 

  0x000001cabeee32bc: ;   {runtime_call counter_overflow Runtime1 stub}
  0x000001cabeee32bc: e83f 594d 

  0x000001cabeee32c0: ; ImmutableOopMap {rdx=Oop rax=Oop [104]=Oop [112]=Oop [128]=Oop [168]=Oop }
                      ;*synchronization entry
                      ; - java.lang.System::getSecurityManager@-1 (line 504)
                      ; - jdk.internal.loader.BuiltinClassLoader::findClassInModuleOrNull@0 (line 740)
                      ; - jdk.internal.loader.BuiltinClassLoader::loadClassOrNull@55 (line 665)
  0x000001cabeee32c0: 07e9 59f7 

  0x000001cabeee32c4: ;   {metadata({method} {0x000001cad701aeb8} 'allowSecurityManager' '()Z' in 'java/lang/System')}
  0x000001cabeee32c4: ffff 49ba | b0ae 01d7 | ca01 0000 | 4c89 5424 | 0848 c704 | 24ff ffff 

  0x000001cabeee32dc: ;   {runtime_call counter_overflow Runtime1 stub}
  0x000001cabeee32dc: ffe8 1e59 

  0x000001cabeee32e0: ; ImmutableOopMap {rdx=Oop rax=Oop [104]=Oop [112]=Oop [128]=Oop [168]=Oop }
                      ;*synchronization entry
                      ; - java.lang.System::allowSecurityManager@-1 (line 212)
                      ; - java.lang.System::getSecurityManager@0 (line 504)
                      ; - jdk.internal.loader.BuiltinClassLoader::findClassInModuleOrNull@0 (line 740)
                      ; - jdk.internal.loader.BuiltinClassLoader::loadClassOrNull@55 (line 665)
  0x000001cabeee32e0: 4d07 e976 

  0x000001cabeee32e4: ;   {runtime_call throw_null_pointer_exception Runtime1 stub}
  0x000001cabeee32e4: f7ff ffe8 

  0x000001cabeee32e8: ; ImmutableOopMap {rsi=Oop [104]=Oop [112]=Oop [128]=Oop [168]=Oop }
                      ;*invokevirtual loadClassOrNull {reexecute=0 rethrow=0 return_oop=0}
                      ; - jdk.internal.loader.BuiltinClassLoader::loadClassOrNull@66 (line 669)
  0x000001cabeee32e8: 1408 4d07 

  0x000001cabeee32ec: ;   {metadata({method} {0x000001cad7069ff8} 'loadClassOrNull' '(Ljava/lang/String;)Ljava/lang/Class;' in 'jdk/internal/loader/BuiltinClassLoader')}
  0x000001cabeee32ec: 49ba f09f | 06d7 ca01 | 0000 4c89 | 5424 0848 | c704 24ff 

  0x000001cabeee3300: ;   {runtime_call counter_overflow Runtime1 stub}
  0x000001cabeee3300: ffff ffe8 

  0x000001cabeee3304: ; ImmutableOopMap {rsi=Oop [104]=Oop [112]=Oop [128]=Oop [168]=Oop }
                      ;*synchronization entry
                      ; - jdk.internal.loader.BuiltinClassLoader::loadClassOrNull@-1 (line 700)
                      ; - jdk.internal.loader.BuiltinClassLoader::loadClassOrNull@66 (line 669)
  0x000001cabeee3304: f858 4d07 | e914 f8ff 

  0x000001cabeee330c: ;   {runtime_call throw_null_pointer_exception Runtime1 stub}
  0x000001cabeee330c: ffe8 ee07 

  0x000001cabeee3310: ; ImmutableOopMap {rsi=Oop [104]=Oop [112]=Oop [128]=Oop [168]=Oop }
                      ;*invokevirtual loadClassOrNull {reexecute=0 rethrow=0 return_oop=0}
                      ; - jdk.internal.loader.BuiltinClassLoader::loadClassOrNull@86 (line 676)
                      ;   {metadata({method} {0x000001cad7069ff8} 'loadClassOrNull' '(Ljava/lang/String;)Ljava/lang/Class;' in 'jdk/internal/loader/BuiltinClassLoader')}
  0x000001cabeee3310: 4d07 49ba | f09f 06d7 | ca01 0000 | 4c89 5424 | 0848 c704 | 24ff ffff 

  0x000001cabeee3328: ;   {runtime_call counter_overflow Runtime1 stub}
  0x000001cabeee3328: ffe8 d258 

  0x000001cabeee332c: ; ImmutableOopMap {rsi=Oop [104]=Oop [112]=Oop [128]=Oop [168]=Oop }
                      ;*synchronization entry
                      ; - jdk.internal.loader.BuiltinClassLoader::loadClassOrNull@-1 (line 700)
                      ; - jdk.internal.loader.BuiltinClassLoader::loadClassOrNull@86 (line 676)
  0x000001cabeee332c: 4d07 e94f 

  0x000001cabeee3330: ;   {metadata({method} {0x000001cad70697b8} 'hasClassPath' '()Z' in 'jdk/internal/loader/BuiltinClassLoader')}
  0x000001cabeee3330: f9ff ff49 | bab0 9706 | d7ca 0100 | 004c 8954 | 2408 48c7 | 0424 ffff 

  0x000001cabeee3348: ;   {runtime_call counter_overflow Runtime1 stub}
  0x000001cabeee3348: ffff e8b1 

  0x000001cabeee334c: ; ImmutableOopMap {rdx=Oop rsi=Oop [104]=Oop [112]=Oop [128]=Oop [168]=Oop }
                      ;*synchronization entry
                      ; - jdk.internal.loader.BuiltinClassLoader::hasClassPath@-1 (line 223)
                      ; - jdk.internal.loader.BuiltinClassLoader::loadClassOrNull@97 (line 680)
  0x000001cabeee334c: 584d 07e9 | e2fa ffff 

  0x000001cabeee3354: ;   {metadata({method} {0x000001cad7453ea0} 'isModuleSystemInited' '()Z' in 'jdk/internal/misc/VM')}
  0x000001cabeee3354: 49ba 983e | 45d7 ca01 | 0000 4c89 | 5424 0848 | c704 24ff 

  0x000001cabeee3368: ;   {runtime_call counter_overflow Runtime1 stub}
  0x000001cabeee3368: ffff ffe8 

  0x000001cabeee336c: ; ImmutableOopMap {rdx=Oop rsi=Oop [104]=Oop [112]=Oop [128]=Oop [168]=Oop }
                      ;*synchronization entry
                      ; - jdk.internal.misc.VM::isModuleSystemInited@-1 (line 91)
                      ; - jdk.internal.loader.BuiltinClassLoader::loadClassOrNull@103 (line 680)
  0x000001cabeee336c: 9058 4d07 | e994 fbff 

  0x000001cabeee3374: ;   {metadata({method} {0x000001cad7439e08} 'resolveClass' '(Ljava/lang/Class;)V' in 'java/lang/ClassLoader')}
  0x000001cabeee3374: ff49 ba00 | 9e43 d7ca | 0100 004c | 8954 2408 | 48c7 0424 | ffff ffff 

  0x000001cabeee338c: ;   {runtime_call counter_overflow Runtime1 stub}
  0x000001cabeee338c: e86f 584d 

  0x000001cabeee3390: ; ImmutableOopMap {rsi=Oop [128]=Oop [168]=Oop }
                      ;*synchronization entry
                      ; - java.lang.ClassLoader::resolveClass@-1 (line 1237)
                      ; - jdk.internal.loader.BuiltinClassLoader::loadClassOrNull@128 (line 688)
  0x000001cabeee3390: 07e9 f6fc | ffff 488d | 8424 a000 | 0000 4889 

  0x000001cabeee33a0: ;   {runtime_call monitorexit_nofpu Runtime1 stub}
  0x000001cabeee33a0: 0424 e859 | 3d4d 07e9 | 3ffd ffff 

  0x000001cabeee33ac: ;   {internal_word}
  0x000001cabeee33ac: 49ba f630 | eebe ca01 | 0000 4d89 | 9760 0400 

  0x000001cabeee33bc: ;   {runtime_call SafepointBlob}
  0x000001cabeee33bc: 00e9 3e23 

  0x000001cabeee33c0: ;   {metadata(nullptr)}
  0x000001cabeee33c0: 4107 48ba | 0000 0000 | 0000 0000 | b800 0f05 

  0x000001cabeee33d0: ;   {runtime_call load_klass_patching Runtime1 stub}
  0x000001cabeee33d0: 0ae8 aa47 

  0x000001cabeee33d4: ; ImmutableOopMap {[128]=Oop [152]=Oop [168]=Oop }
                      ;*new {reexecute=1 rethrow=0 return_oop=0}
                      ; - (reexecute) java.lang.ClassLoader::resolveClass@4 (line 1238)
                      ; - jdk.internal.loader.BuiltinClassLoader::loadClassOrNull@128 (line 688)
  0x000001cabeee33d4: 4d07 e935 | fdff ff48 

  0x000001cabeee33dc: ;   {runtime_call fast_new_instance Runtime1 stub}
  0x000001cabeee33dc: 8bd2 e81d 

  0x000001cabeee33e0: ; ImmutableOopMap {[128]=Oop [152]=Oop [168]=Oop }
                      ;*new {reexecute=0 rethrow=0 return_oop=0}
                      ; - java.lang.ClassLoader::resolveClass@4 (line 1238)
                      ; - jdk.internal.loader.BuiltinClassLoader::loadClassOrNull@128 (line 688)
  0x000001cabeee33e0: 104d 07e9 | 84fd ffff | 488d 8424 | a000 0000 | 4889 0424 

  0x000001cabeee33f4: ;   {runtime_call monitorexit_nofpu Runtime1 stub}
  0x000001cabeee33f4: e807 3d4d | 07e9 fefd | ffff 498b | 87f8 0400 | 0049 c787 | f804 0000 | 0000 0000 | 49c7 8700 
  0x000001cabeee3414: 0500 0000 | 0000 0048 | 81c4 c000 

  0x000001cabeee3420: ;   {runtime_call unwind_exception Runtime1 stub}
  0x000001cabeee3420: 0000 5de9 | d8f7 4c07 
[Stub Code]
  0x000001cabeee3428: ;   {no_reloc}
  0x000001cabeee3428: 0f1f 4400 

  0x000001cabeee342c: ;   {static_stub}
  0x000001cabeee342c: 0048 bb00 | 0000 0000 

  0x000001cabeee3434: ;   {runtime_call}
  0x000001cabeee3434: 0000 00e9 | fbff ffff 

  0x000001cabeee343c: ;   {static_stub}
  0x000001cabeee343c: 9048 bb00 | 0000 0000 

  0x000001cabeee3444: ;   {runtime_call}
  0x000001cabeee3444: 0000 00e9 | fbff ffff 

  0x000001cabeee344c: ;   {static_stub}
  0x000001cabeee344c: 9048 bb00 | 0000 0000 

  0x000001cabeee3454: ;   {runtime_call}
  0x000001cabeee3454: 0000 00e9 | fbff ffff 

  0x000001cabeee345c: ;   {static_stub}
  0x000001cabeee345c: 48bb 0000 | 0000 0000 

  0x000001cabeee3464: ;   {runtime_call}
  0x000001cabeee3464: 0000 e9fb 

  0x000001cabeee3468: ;   {static_stub}
  0x000001cabeee3468: ffff ff48 | bb00 0000 | 0000 0000 

  0x000001cabeee3474: ;   {runtime_call}
  0x000001cabeee3474: 00e9 fbff 

  0x000001cabeee3478: ;   {static_stub}
  0x000001cabeee3478: ffff 48bb | 0000 0000 | 0000 0000 

  0x000001cabeee3484: ;   {runtime_call}
  0x000001cabeee3484: e9fb ffff 

  0x000001cabeee3488: ;   {static_stub}
  0x000001cabeee3488: ff48 bb20 | 9b06 d7ca 

  0x000001cabeee3490: ;   {runtime_call I2C/C2I adapters}
  0x000001cabeee3490: 0100 00e9 | d378 4007 

  0x000001cabeee3498: ;   {static_stub}
  0x000001cabeee3498: 48bb 0000 | 0000 0000 

  0x000001cabeee34a0: ;   {runtime_call}
  0x000001cabeee34a0: 0000 e9fb 

  0x000001cabeee34a4: ;   {static_stub}
  0x000001cabeee34a4: ffff ff48 | bb00 0000 | 0000 0000 

  0x000001cabeee34b0: ;   {runtime_call}
  0x000001cabeee34b0: 00e9 fbff 

  0x000001cabeee34b4: ;   {runtime_call handle_exception_from_callee Runtime1 stub}
  0x000001cabeee34b4: ffff e845 

  0x000001cabeee34b8: ;   {external_word}
  0x000001cabeee34b8: 244d 0748 | b9b0 48ce | 44fa 7f00 | 0048 83e4 

  0x000001cabeee34c8: ;   {runtime_call}
  0x000001cabeee34c8: f048 b820 | 2f96 44fa | 7f00 00ff 

  0x000001cabeee34d4: ;   {section_word}
  0x000001cabeee34d4: d0f4 49ba | d634 eebe | ca01 0000 

  0x000001cabeee34e0: ;   {runtime_call DeoptimizationBlob}
  0x000001cabeee34e0: 4152 e9b9 | 1441 07f4 
[/MachCode]


Compiled method (c1)    2242 1006       3       java.lang.ClassLoader::loadClass (7 bytes)
 total in heap  [0x000001cabeee4f90,0x000001cabeee5380] = 1008
 relocation     [0x000001cabeee50f0,0x000001cabeee5130] = 64
 main code      [0x000001cabeee5140,0x000001cabeee52d0] = 400
 stub code      [0x000001cabeee52d0,0x000001cabeee5318] = 72
 metadata       [0x000001cabeee5318,0x000001cabeee5320] = 8
 scopes data    [0x000001cabeee5320,0x000001cabeee5338] = 24
 scopes pcs     [0x000001cabeee5338,0x000001cabeee5378] = 64
 dependencies   [0x000001cabeee5378,0x000001cabeee5380] = 8

[Constant Pool (empty)]

[MachCode]
[Entry Point]
  # {method} {0x000001cad70140d8} 'loadClass' '(Ljava/lang/String;)Ljava/lang/Class;' in 'java/lang/ClassLoader'
  # this:     rdx:rdx   = 'java/lang/ClassLoader'
  # parm0:    r8:r8     = 'java/lang/String'
  #           [sp+0x40]  (sp of caller)
  0x000001cabeee5140: 448b 5208 | 49bb 0000 | 00d7 ca01 | 0000 4d03 | d34c 3bd0 

  0x000001cabeee5154: ;   {runtime_call ic_miss_stub}
  0x000001cabeee5154: 0f85 2696 | 4007 660f | 1f44 0000 
[Verified Entry Point]
  0x000001cabeee5160: 8984 2400 | 80ff ff55 | 4883 ec30 | 4181 7f20 | 0100 0000 

  0x000001cabeee5174: ;   {runtime_call StubRoutines (final stubs)}
  0x000001cabeee5174: 7405 e8e5 

  0x000001cabeee5178: ;   {metadata(method data for {method} {0x000001cad70140d8} 'loadClass' '(Ljava/lang/String;)Ljava/lang/Class;' in 'java/lang/ClassLoader')}
  0x000001cabeee5178: fb3e 0749 | b918 6f1e | 18cb 0100 | 0041 8bb1 | cc00 0000 | 83c6 0241 | 89b1 cc00 | 0000 81e6 
  0x000001cabeee5198: fe07 0000 | 85f6 0f84 | cb00 0000 

  0x000001cabeee51a4: ;   {metadata(method data for {method} {0x000001cad70140d8} 'loadClass' '(Ljava/lang/String;)Ljava/lang/Class;' in 'java/lang/ClassLoader')}
  0x000001cabeee51a4: 4c8b ca48 | be18 6f1e | 18cb 0100 | 0045 8b49 | 0849 ba00 | 0000 d7ca | 0100 004d | 03ca 4c3b 
  0x000001cabeee51c4: 8e20 0100 | 0075 0d48 | 8386 2801 | 0000 01e9 | 6000 0000 | 4c3b 8e30 | 0100 0075 | 0d48 8386 
  0x000001cabeee51e4: 3801 0000 | 01e9 4a00 | 0000 4883 | be20 0100 | 0000 7517 | 4c89 8e20 | 0100 0048 | c786 2801 
  0x000001cabeee5204: 0000 0100 | 0000 e929 | 0000 0048 | 83be 3001 | 0000 0075 | 174c 898e | 3001 0000 | 48c7 8638 
  0x000001cabeee5224: 0100 0001 | 0000 00e9 | 0800 0000 | 4883 8610 | 0100 0001 | 41b9 0000 | 0000 0f1f | 8000 0000 
  0x000001cabeee5244: 0048 b8ff | ffff ffff 

  0x000001cabeee524c: ;   {virtual_call}
  0x000001cabeee524c: ffff ffe8 

  0x000001cabeee5250: ; ImmutableOopMap {}
                      ;*invokevirtual loadClass {reexecute=0 rethrow=0 return_oop=0}
                      ; - java.lang.ClassLoader::loadClass@3 (line 526)
  0x000001cabeee5250: cc64 4007 

  0x000001cabeee5254: ;   {other}
  0x000001cabeee5254: 0f1f 8400 | c402 0000 | 4883 c430 

  0x000001cabeee5260: ;   {poll_return}
  0x000001cabeee5260: 5d49 3ba7 | 4804 0000 | 0f87 2200 

  0x000001cabeee526c: ;   {metadata({method} {0x000001cad70140d8} 'loadClass' '(Ljava/lang/String;)Ljava/lang/Class;' in 'java/lang/ClassLoader')}
  0x000001cabeee526c: 0000 c349 | bad0 4001 | d7ca 0100 | 004c 8954 | 2408 48c7 | 0424 ffff 

  0x000001cabeee5284: ;   {runtime_call counter_overflow Runtime1 stub}
  0x000001cabeee5284: ffff e875 

  0x000001cabeee5288: ; ImmutableOopMap {rdx=Oop r8=Oop }
                      ;*synchronization entry
                      ; - java.lang.ClassLoader::loadClass@-1 (line 526)
  0x000001cabeee5288: 394d 07e9 | 14ff ffff 

  0x000001cabeee5290: ;   {internal_word}
  0x000001cabeee5290: 49ba 6152 | eebe ca01 | 0000 4d89 | 9760 0400 

  0x000001cabeee52a0: ;   {runtime_call SafepointBlob}
  0x000001cabeee52a0: 00e9 5a04 | 4107 498b | 87f8 0400 | 0049 c787 | f804 0000 | 0000 0000 | 49c7 8700 | 0500 0000 
  0x000001cabeee52c0: 0000 0048 | 83c4 305d 

  0x000001cabeee52c8: ;   {runtime_call unwind_exception Runtime1 stub}
  0x000001cabeee52c8: e933 d94c | 07f4 f4f4 
[Stub Code]
  0x000001cabeee52d0: ;   {no_reloc}
  0x000001cabeee52d0: 0f1f 4400 

  0x000001cabeee52d4: ;   {static_stub}
  0x000001cabeee52d4: 0048 bb00 | 0000 0000 

  0x000001cabeee52dc: ;   {runtime_call}
  0x000001cabeee52dc: 0000 00e9 | fbff ffff 
[Exception Handler]
  0x000001cabeee52e4: ;   {runtime_call handle_exception_from_callee Runtime1 stub}
  0x000001cabeee52e4: e817 064d 

  0x000001cabeee52e8: ;   {external_word}
  0x000001cabeee52e8: 0748 b9b0 | 48ce 44fa | 7f00 0048 

  0x000001cabeee52f4: ;   {runtime_call}
  0x000001cabeee52f4: 83e4 f048 | b820 2f96 | 44fa 7f00 | 00ff d0f4 
[Deopt Handler Code]
  0x000001cabeee5304: ;   {section_word}
  0x000001cabeee5304: 49ba 0453 | eebe ca01 | 0000 4152 

  0x000001cabeee5310: ;   {runtime_call DeoptimizationBlob}
  0x000001cabeee5310: e98b f640 | 07f4 f4f4 
[/MachCode]


---------------  P R O C E S S  ---------------

Threads class SMR info:
_java_thread_list=0x000001cad5e378d0, length=16, elements={
0x000001cab4e3d230, 0x000001cad5e4d950, 0x000001cad5e503b0, 0x000001cad5e54e10,
0x000001cad5e56d00, 0x000001cad66e8090, 0x000001cad66f9100, 0x000001cad671b2a0,
0x000001cad5e5b0c0, 0x000001cad680e710, 0x000001cb1c4e27e0, 0x000001cb1c0a33b0,
0x000001cb1c5e9480, 0x000001cb1d1cbec0, 0x000001cb1d237790, 0x000001cb1d298b80
}

Java Threads: ( => current thread )
=>0x000001cab4e3d230 JavaThread "main"                              [_thread_in_vm, id=1000, stack(0x0000002702b00000,0x0000002702c00000) (1024K)]
  0x000001cad5e4d950 JavaThread "Reference Handler"          daemon [_thread_blocked, id=19592, stack(0x0000002703300000,0x0000002703400000) (1024K)]
  0x000001cad5e503b0 JavaThread "Finalizer"                  daemon [_thread_blocked, id=11828, stack(0x0000002703400000,0x0000002703500000) (1024K)]
  0x000001cad5e54e10 JavaThread "Signal Dispatcher"          daemon [_thread_blocked, id=12808, stack(0x0000002703500000,0x0000002703600000) (1024K)]
  0x000001cad5e56d00 JavaThread "Attach Listener"            daemon [_thread_blocked, id=7232, stack(0x0000002703600000,0x0000002703700000) (1024K)]
  0x000001cad66e8090 JavaThread "Service Thread"             daemon [_thread_blocked, id=19836, stack(0x0000002703700000,0x0000002703800000) (1024K)]
  0x000001cad66f9100 JavaThread "Monitor Deflation Thread"   daemon [_thread_blocked, id=2340, stack(0x0000002703800000,0x0000002703900000) (1024K)]
  0x000001cad671b2a0 JavaThread "C2 CompilerThread0"         daemon [_thread_blocked, id=19600, stack(0x0000002703900000,0x0000002703a00000) (1024K)]
  0x000001cad5e5b0c0 JavaThread "C1 CompilerThread0"         daemon [_thread_blocked, id=14304, stack(0x0000002703a00000,0x0000002703b00000) (1024K)]
  0x000001cad680e710 JavaThread "Common-Cleaner"             daemon [_thread_blocked, id=18776, stack(0x0000002703b00000,0x0000002703c00000) (1024K)]
  0x000001cb1c4e27e0 JavaThread "Monitor Ctrl-Break"         daemon [_thread_in_native, id=16496, stack(0x0000002703e00000,0x0000002703f00000) (1024K)]
  0x000001cb1c0a33b0 JavaThread "Notification Thread"        daemon [_thread_blocked, id=9612, stack(0x0000002703f00000,0x0000002704000000) (1024K)]
  0x000001cb1c5e9480 JavaThread "QuantumRenderer-0"          daemon [_thread_blocked, id=19900, stack(0x0000002704400000,0x0000002704500000) (1024K)]
  0x000001cb1d1cbec0 JavaThread "InvokeLaterDispatcher"      daemon [_thread_blocked, id=14672, stack(0x0000002703c00000,0x0000002703d00000) (1024K)]
  0x000001cb1d237790 JavaThread "JavaFX Application Thread"         [_thread_in_native, id=3524, stack(0x0000002704900000,0x0000002704a00000) (1024K)]
  0x000001cb1d298b80 JavaThread "Thread-1"                   daemon [_thread_in_vm, id=18552, stack(0x0000002704a00000,0x0000002704b00000) (1024K)]
Total: 16

Other Threads:
  0x000001cad5e371e0 VMThread "VM Thread"                           [id=9620, stack(0x0000002703200000,0x0000002703300000) (1024K)]
  0x000001cad5e239b0 WatcherThread "VM Periodic Task Thread"        [id=18824, stack(0x0000002703100000,0x0000002703200000) (1024K)]
  0x000001cab6905e10 WorkerThread "GC Thread#0"                     [id=12684, stack(0x0000002702c00000,0x0000002702d00000) (1024K)]
  0x000001cb1cddc530 WorkerThread "GC Thread#1"                     [id=19460, stack(0x0000002703d00000,0x0000002703e00000) (1024K)]
  0x000001cb1cddc8d0 WorkerThread "GC Thread#2"                     [id=18908, stack(0x0000002704000000,0x0000002704100000) (1024K)]
  0x000001cb1cdddef0 WorkerThread "GC Thread#3"                     [id=7708, stack(0x0000002704100000,0x0000002704200000) (1024K)]
  0x000001cb1c6bbea0 WorkerThread "GC Thread#4"                     [id=20156, stack(0x0000002704200000,0x0000002704300000) (1024K)]
  0x000001cb1c3dfb70 WorkerThread "GC Thread#5"                     [id=4968, stack(0x0000002704300000,0x0000002704400000) (1024K)]
  0x000001cab6916850 ConcurrentGCThread "G1 Main Marker"            [id=18540, stack(0x0000002702d00000,0x0000002702e00000) (1024K)]
  0x000001cab6917610 WorkerThread "G1 Conc#0"                       [id=10760, stack(0x0000002702e00000,0x0000002702f00000) (1024K)]
  0x000001cad5cf4480 ConcurrentGCThread "G1 Refine#0"               [id=12408, stack(0x0000002702f00000,0x0000002703000000) (1024K)]
  0x000001cad5cf4f00 ConcurrentGCThread "G1 Service"                [id=19576, stack(0x0000002703000000,0x0000002703100000) (1024K)]
Total: 12

Threads with active compile tasks:
Total: 0

VM state: not at safepoint (normal execution)

VM Mutex/Monitor currently owned by a thread:  ([mutex/lock_event])
[0x00007ffa44f7be50] Metaspace_lock - owner thread: 0x000001cab4e3d230

Heap address: 0x0000000704a00000, size: 4022 MB, Compressed Oops mode: Zero based, Oop shift amount: 3

CDS archive(s) mapped at: [0x000001cad7000000-0x000001cad7c90000-0x000001cad7c90000), size 13172736, SharedBaseAddress: 0x000001cad7000000, ArchiveRelocationMode: 1.
Compressed class space mapped at: 0x000001cad8000000-0x000001cb18000000, reserved size: 1073741824
Narrow klass base: 0x000001cad7000000, Narrow klass shift: 0, Narrow klass range: 0x100000000

GC Precious Log:
 CardTable entry size: 512
 Card Set container configuration: InlinePtr #cards 4 size 8 Array Of Cards #cards 16 size 48 Howl #buckets 8 coarsen threshold 3686 Howl Bitmap #cards 512 size 80 coarsen threshold 460 Card regions per heap region 1 cards per card region 4096
 CPUs: 12 total, 12 available
 Memory: 16085M
 Large Page Support: Disabled
 NUMA Support: Disabled
 Compressed Oops: Enabled (Zero based)
 Heap Region Size: 2M
 Heap Min Capacity: 8M
 Heap Initial Capacity: 252M
 Heap Max Capacity: 4022M
 Pre-touch: Disabled
 Parallel Workers: 10
 Concurrent Workers: 3
 Concurrent Refinement Workers: 10
 Periodic GC: Disabled

Heap:
 garbage-first heap   total 258048K, used 6876K [0x0000000704a00000, 0x0000000800000000)
  region size 2048K, 5 young (10240K), 2 survivors (4096K)
 Metaspace       used 4167K, committed 4352K, reserved 1114112K
  class space    used 450K, committed 576K, reserved 1048576K

Heap Regions: E=young(eden), S=young(survivor), O=old, HS=humongous(starts), HC=humongous(continues), CS=collection set, F=free, TAMS=top-at-mark-start, PB=parsable bottom
|   0|0x0000000704a00000, 0x0000000704a00000, 0x0000000704c00000|  0%| F|  |TAMS 0x0000000704a00000| PB 0x0000000704a00000| Untracked 
|   1|0x0000000704c00000, 0x0000000704c00000, 0x0000000704e00000|  0%| F|  |TAMS 0x0000000704c00000| PB 0x0000000704c00000| Untracked 
|   2|0x0000000704e00000, 0x0000000704e00000, 0x0000000705000000|  0%| F|  |TAMS 0x0000000704e00000| PB 0x0000000704e00000| Untracked 
|   3|0x0000000705000000, 0x0000000705000000, 0x0000000705200000|  0%| F|  |TAMS 0x0000000705000000| PB 0x0000000705000000| Untracked 
|   4|0x0000000705200000, 0x0000000705200000, 0x0000000705400000|  0%| F|  |TAMS 0x0000000705200000| PB 0x0000000705200000| Untracked 
|   5|0x0000000705400000, 0x0000000705400000, 0x0000000705600000|  0%| F|  |TAMS 0x0000000705400000| PB 0x0000000705400000| Untracked 
|   6|0x0000000705600000, 0x0000000705600000, 0x0000000705800000|  0%| F|  |TAMS 0x0000000705600000| PB 0x0000000705600000| Untracked 
|   7|0x0000000705800000, 0x0000000705800000, 0x0000000705a00000|  0%| F|  |TAMS 0x0000000705800000| PB 0x0000000705800000| Untracked 
|   8|0x0000000705a00000, 0x0000000705a00000, 0x0000000705c00000|  0%| F|  |TAMS 0x0000000705a00000| PB 0x0000000705a00000| Untracked 
|   9|0x0000000705c00000, 0x0000000705c00000, 0x0000000705e00000|  0%| F|  |TAMS 0x0000000705c00000| PB 0x0000000705c00000| Untracked 
|  10|0x0000000705e00000, 0x0000000705e00000, 0x0000000706000000|  0%| F|  |TAMS 0x0000000705e00000| PB 0x0000000705e00000| Untracked 
|  11|0x0000000706000000, 0x0000000706000000, 0x0000000706200000|  0%| F|  |TAMS 0x0000000706000000| PB 0x0000000706000000| Untracked 
|  12|0x0000000706200000, 0x0000000706200000, 0x0000000706400000|  0%| F|  |TAMS 0x0000000706200000| PB 0x0000000706200000| Untracked 
|  13|0x0000000706400000, 0x0000000706400000, 0x0000000706600000|  0%| F|  |TAMS 0x0000000706400000| PB 0x0000000706400000| Untracked 
|  14|0x0000000706600000, 0x0000000706600000, 0x0000000706800000|  0%| F|  |TAMS 0x0000000706600000| PB 0x0000000706600000| Untracked 
|  15|0x0000000706800000, 0x0000000706800000, 0x0000000706a00000|  0%| F|  |TAMS 0x0000000706800000| PB 0x0000000706800000| Untracked 
|  16|0x0000000706a00000, 0x0000000706a00000, 0x0000000706c00000|  0%| F|  |TAMS 0x0000000706a00000| PB 0x0000000706a00000| Untracked 
|  17|0x0000000706c00000, 0x0000000706c00000, 0x0000000706e00000|  0%| F|  |TAMS 0x0000000706c00000| PB 0x0000000706c00000| Untracked 
|  18|0x0000000706e00000, 0x0000000706e00000, 0x0000000707000000|  0%| F|  |TAMS 0x0000000706e00000| PB 0x0000000706e00000| Untracked 
|  19|0x0000000707000000, 0x0000000707000000, 0x0000000707200000|  0%| F|  |TAMS 0x0000000707000000| PB 0x0000000707000000| Untracked 
|  20|0x0000000707200000, 0x0000000707200000, 0x0000000707400000|  0%| F|  |TAMS 0x0000000707200000| PB 0x0000000707200000| Untracked 
|  21|0x0000000707400000, 0x0000000707400000, 0x0000000707600000|  0%| F|  |TAMS 0x0000000707400000| PB 0x0000000707400000| Untracked 
|  22|0x0000000707600000, 0x0000000707600000, 0x0000000707800000|  0%| F|  |TAMS 0x0000000707600000| PB 0x0000000707600000| Untracked 
|  23|0x0000000707800000, 0x0000000707800000, 0x0000000707a00000|  0%| F|  |TAMS 0x0000000707800000| PB 0x0000000707800000| Untracked 
|  24|0x0000000707a00000, 0x0000000707a00000, 0x0000000707c00000|  0%| F|  |TAMS 0x0000000707a00000| PB 0x0000000707a00000| Untracked 
|  25|0x0000000707c00000, 0x0000000707c00000, 0x0000000707e00000|  0%| F|  |TAMS 0x0000000707c00000| PB 0x0000000707c00000| Untracked 
|  26|0x0000000707e00000, 0x0000000707e00000, 0x0000000708000000|  0%| F|  |TAMS 0x0000000707e00000| PB 0x0000000707e00000| Untracked 
|  27|0x0000000708000000, 0x0000000708000000, 0x0000000708200000|  0%| F|  |TAMS 0x0000000708000000| PB 0x0000000708000000| Untracked 
|  28|0x0000000708200000, 0x0000000708200000, 0x0000000708400000|  0%| F|  |TAMS 0x0000000708200000| PB 0x0000000708200000| Untracked 
|  29|0x0000000708400000, 0x0000000708400000, 0x0000000708600000|  0%| F|  |TAMS 0x0000000708400000| PB 0x0000000708400000| Untracked 
|  30|0x0000000708600000, 0x0000000708600000, 0x0000000708800000|  0%| F|  |TAMS 0x0000000708600000| PB 0x0000000708600000| Untracked 
|  31|0x0000000708800000, 0x0000000708800000, 0x0000000708a00000|  0%| F|  |TAMS 0x0000000708800000| PB 0x0000000708800000| Untracked 
|  32|0x0000000708a00000, 0x0000000708a00000, 0x0000000708c00000|  0%| F|  |TAMS 0x0000000708a00000| PB 0x0000000708a00000| Untracked 
|  33|0x0000000708c00000, 0x0000000708c00000, 0x0000000708e00000|  0%| F|  |TAMS 0x0000000708c00000| PB 0x0000000708c00000| Untracked 
|  34|0x0000000708e00000, 0x0000000708e00000, 0x0000000709000000|  0%| F|  |TAMS 0x0000000708e00000| PB 0x0000000708e00000| Untracked 
|  35|0x0000000709000000, 0x0000000709000000, 0x0000000709200000|  0%| F|  |TAMS 0x0000000709000000| PB 0x0000000709000000| Untracked 
|  36|0x0000000709200000, 0x0000000709200000, 0x0000000709400000|  0%| F|  |TAMS 0x0000000709200000| PB 0x0000000709200000| Untracked 
|  37|0x0000000709400000, 0x0000000709400000, 0x0000000709600000|  0%| F|  |TAMS 0x0000000709400000| PB 0x0000000709400000| Untracked 
|  38|0x0000000709600000, 0x0000000709600000, 0x0000000709800000|  0%| F|  |TAMS 0x0000000709600000| PB 0x0000000709600000| Untracked 
|  39|0x0000000709800000, 0x0000000709800000, 0x0000000709a00000|  0%| F|  |TAMS 0x0000000709800000| PB 0x0000000709800000| Untracked 
|  40|0x0000000709a00000, 0x0000000709a00000, 0x0000000709c00000|  0%| F|  |TAMS 0x0000000709a00000| PB 0x0000000709a00000| Untracked 
|  41|0x0000000709c00000, 0x0000000709c00000, 0x0000000709e00000|  0%| F|  |TAMS 0x0000000709c00000| PB 0x0000000709c00000| Untracked 
|  42|0x0000000709e00000, 0x0000000709e00000, 0x000000070a000000|  0%| F|  |TAMS 0x0000000709e00000| PB 0x0000000709e00000| Untracked 
|  43|0x000000070a000000, 0x000000070a000000, 0x000000070a200000|  0%| F|  |TAMS 0x000000070a000000| PB 0x000000070a000000| Untracked 
|  44|0x000000070a200000, 0x000000070a200000, 0x000000070a400000|  0%| F|  |TAMS 0x000000070a200000| PB 0x000000070a200000| Untracked 
|  45|0x000000070a400000, 0x000000070a400000, 0x000000070a600000|  0%| F|  |TAMS 0x000000070a400000| PB 0x000000070a400000| Untracked 
|  46|0x000000070a600000, 0x000000070a600000, 0x000000070a800000|  0%| F|  |TAMS 0x000000070a600000| PB 0x000000070a600000| Untracked 
|  47|0x000000070a800000, 0x000000070a800000, 0x000000070aa00000|  0%| F|  |TAMS 0x000000070a800000| PB 0x000000070a800000| Untracked 
|  48|0x000000070aa00000, 0x000000070aa00000, 0x000000070ac00000|  0%| F|  |TAMS 0x000000070aa00000| PB 0x000000070aa00000| Untracked 
|  49|0x000000070ac00000, 0x000000070ac00000, 0x000000070ae00000|  0%| F|  |TAMS 0x000000070ac00000| PB 0x000000070ac00000| Untracked 
|  50|0x000000070ae00000, 0x000000070ae00000, 0x000000070b000000|  0%| F|  |TAMS 0x000000070ae00000| PB 0x000000070ae00000| Untracked 
|  51|0x000000070b000000, 0x000000070b000000, 0x000000070b200000|  0%| F|  |TAMS 0x000000070b000000| PB 0x000000070b000000| Untracked 
|  52|0x000000070b200000, 0x000000070b200000, 0x000000070b400000|  0%| F|  |TAMS 0x000000070b200000| PB 0x000000070b200000| Untracked 
|  53|0x000000070b400000, 0x000000070b400000, 0x000000070b600000|  0%| F|  |TAMS 0x000000070b400000| PB 0x000000070b400000| Untracked 
|  54|0x000000070b600000, 0x000000070b600000, 0x000000070b800000|  0%| F|  |TAMS 0x000000070b600000| PB 0x000000070b600000| Untracked 
|  55|0x000000070b800000, 0x000000070b800000, 0x000000070ba00000|  0%| F|  |TAMS 0x000000070b800000| PB 0x000000070b800000| Untracked 
|  56|0x000000070ba00000, 0x000000070ba00000, 0x000000070bc00000|  0%| F|  |TAMS 0x000000070ba00000| PB 0x000000070ba00000| Untracked 
|  57|0x000000070bc00000, 0x000000070bc00000, 0x000000070be00000|  0%| F|  |TAMS 0x000000070bc00000| PB 0x000000070bc00000| Untracked 
|  58|0x000000070be00000, 0x000000070be00000, 0x000000070c000000|  0%| F|  |TAMS 0x000000070be00000| PB 0x000000070be00000| Untracked 
|  59|0x000000070c000000, 0x000000070c000000, 0x000000070c200000|  0%| F|  |TAMS 0x000000070c000000| PB 0x000000070c000000| Untracked 
|  60|0x000000070c200000, 0x000000070c200000, 0x000000070c400000|  0%| F|  |TAMS 0x000000070c200000| PB 0x000000070c200000| Untracked 
|  61|0x000000070c400000, 0x000000070c400000, 0x000000070c600000|  0%| F|  |TAMS 0x000000070c400000| PB 0x000000070c400000| Untracked 
|  62|0x000000070c600000, 0x000000070c600000, 0x000000070c800000|  0%| F|  |TAMS 0x000000070c600000| PB 0x000000070c600000| Untracked 
|  63|0x000000070c800000, 0x000000070c800000, 0x000000070ca00000|  0%| F|  |TAMS 0x000000070c800000| PB 0x000000070c800000| Untracked 
|  64|0x000000070ca00000, 0x000000070ca00000, 0x000000070cc00000|  0%| F|  |TAMS 0x000000070ca00000| PB 0x000000070ca00000| Untracked 
|  65|0x000000070cc00000, 0x000000070cc00000, 0x000000070ce00000|  0%| F|  |TAMS 0x000000070cc00000| PB 0x000000070cc00000| Untracked 
|  66|0x000000070ce00000, 0x000000070ce00000, 0x000000070d000000|  0%| F|  |TAMS 0x000000070ce00000| PB 0x000000070ce00000| Untracked 
|  67|0x000000070d000000, 0x000000070d000000, 0x000000070d200000|  0%| F|  |TAMS 0x000000070d000000| PB 0x000000070d000000| Untracked 
|  68|0x000000070d200000, 0x000000070d200000, 0x000000070d400000|  0%| F|  |TAMS 0x000000070d200000| PB 0x000000070d200000| Untracked 
|  69|0x000000070d400000, 0x000000070d400000, 0x000000070d600000|  0%| F|  |TAMS 0x000000070d400000| PB 0x000000070d400000| Untracked 
|  70|0x000000070d600000, 0x000000070d600000, 0x000000070d800000|  0%| F|  |TAMS 0x000000070d600000| PB 0x000000070d600000| Untracked 
|  71|0x000000070d800000, 0x000000070d800000, 0x000000070da00000|  0%| F|  |TAMS 0x000000070d800000| PB 0x000000070d800000| Untracked 
|  72|0x000000070da00000, 0x000000070da00000, 0x000000070dc00000|  0%| F|  |TAMS 0x000000070da00000| PB 0x000000070da00000| Untracked 
|  73|0x000000070dc00000, 0x000000070dc00000, 0x000000070de00000|  0%| F|  |TAMS 0x000000070dc00000| PB 0x000000070dc00000| Untracked 
|  74|0x000000070de00000, 0x000000070de00000, 0x000000070e000000|  0%| F|  |TAMS 0x000000070de00000| PB 0x000000070de00000| Untracked 
|  75|0x000000070e000000, 0x000000070e000000, 0x000000070e200000|  0%| F|  |TAMS 0x000000070e000000| PB 0x000000070e000000| Untracked 
|  76|0x000000070e200000, 0x000000070e200000, 0x000000070e400000|  0%| F|  |TAMS 0x000000070e200000| PB 0x000000070e200000| Untracked 
|  77|0x000000070e400000, 0x000000070e400000, 0x000000070e600000|  0%| F|  |TAMS 0x000000070e400000| PB 0x000000070e400000| Untracked 
|  78|0x000000070e600000, 0x000000070e600000, 0x000000070e800000|  0%| F|  |TAMS 0x000000070e600000| PB 0x000000070e600000| Untracked 
|  79|0x000000070e800000, 0x000000070e800000, 0x000000070ea00000|  0%| F|  |TAMS 0x000000070e800000| PB 0x000000070e800000| Untracked 
|  80|0x000000070ea00000, 0x000000070ea00000, 0x000000070ec00000|  0%| F|  |TAMS 0x000000070ea00000| PB 0x000000070ea00000| Untracked 
|  81|0x000000070ec00000, 0x000000070ec00000, 0x000000070ee00000|  0%| F|  |TAMS 0x000000070ec00000| PB 0x000000070ec00000| Untracked 
|  82|0x000000070ee00000, 0x000000070ee00000, 0x000000070f000000|  0%| F|  |TAMS 0x000000070ee00000| PB 0x000000070ee00000| Untracked 
|  83|0x000000070f000000, 0x000000070f000000, 0x000000070f200000|  0%| F|  |TAMS 0x000000070f000000| PB 0x000000070f000000| Untracked 
|  84|0x000000070f200000, 0x000000070f200000, 0x000000070f400000|  0%| F|  |TAMS 0x000000070f200000| PB 0x000000070f200000| Untracked 
|  85|0x000000070f400000, 0x000000070f400000, 0x000000070f600000|  0%| F|  |TAMS 0x000000070f400000| PB 0x000000070f400000| Untracked 
|  86|0x000000070f600000, 0x000000070f600000, 0x000000070f800000|  0%| F|  |TAMS 0x000000070f600000| PB 0x000000070f600000| Untracked 
|  87|0x000000070f800000, 0x000000070f800000, 0x000000070fa00000|  0%| F|  |TAMS 0x000000070f800000| PB 0x000000070f800000| Untracked 
|  88|0x000000070fa00000, 0x000000070fa00000, 0x000000070fc00000|  0%| F|  |TAMS 0x000000070fa00000| PB 0x000000070fa00000| Untracked 
|  89|0x000000070fc00000, 0x000000070fc00000, 0x000000070fe00000|  0%| F|  |TAMS 0x000000070fc00000| PB 0x000000070fc00000| Untracked 
|  90|0x000000070fe00000, 0x000000070fe00000, 0x0000000710000000|  0%| F|  |TAMS 0x000000070fe00000| PB 0x000000070fe00000| Untracked 
|  91|0x0000000710000000, 0x0000000710000000, 0x0000000710200000|  0%| F|  |TAMS 0x0000000710000000| PB 0x0000000710000000| Untracked 
|  92|0x0000000710200000, 0x0000000710200000, 0x0000000710400000|  0%| F|  |TAMS 0x0000000710200000| PB 0x0000000710200000| Untracked 
|  93|0x0000000710400000, 0x0000000710400000, 0x0000000710600000|  0%| F|  |TAMS 0x0000000710400000| PB 0x0000000710400000| Untracked 
|  94|0x0000000710600000, 0x0000000710600000, 0x0000000710800000|  0%| F|  |TAMS 0x0000000710600000| PB 0x0000000710600000| Untracked 
|  95|0x0000000710800000, 0x0000000710800000, 0x0000000710a00000|  0%| F|  |TAMS 0x0000000710800000| PB 0x0000000710800000| Untracked 
|  96|0x0000000710a00000, 0x0000000710a00000, 0x0000000710c00000|  0%| F|  |TAMS 0x0000000710a00000| PB 0x0000000710a00000| Untracked 
|  97|0x0000000710c00000, 0x0000000710c00000, 0x0000000710e00000|  0%| F|  |TAMS 0x0000000710c00000| PB 0x0000000710c00000| Untracked 
|  98|0x0000000710e00000, 0x0000000710e00000, 0x0000000711000000|  0%| F|  |TAMS 0x0000000710e00000| PB 0x0000000710e00000| Untracked 
|  99|0x0000000711000000, 0x0000000711000000, 0x0000000711200000|  0%| F|  |TAMS 0x0000000711000000| PB 0x0000000711000000| Untracked 
| 100|0x0000000711200000, 0x0000000711200000, 0x0000000711400000|  0%| F|  |TAMS 0x0000000711200000| PB 0x0000000711200000| Untracked 
| 101|0x0000000711400000, 0x0000000711400000, 0x0000000711600000|  0%| F|  |TAMS 0x0000000711400000| PB 0x0000000711400000| Untracked 
| 102|0x0000000711600000, 0x0000000711600000, 0x0000000711800000|  0%| F|  |TAMS 0x0000000711600000| PB 0x0000000711600000| Untracked 
| 103|0x0000000711800000, 0x0000000711800000, 0x0000000711a00000|  0%| F|  |TAMS 0x0000000711800000| PB 0x0000000711800000| Untracked 
| 104|0x0000000711a00000, 0x0000000711a00000, 0x0000000711c00000|  0%| F|  |TAMS 0x0000000711a00000| PB 0x0000000711a00000| Untracked 
| 105|0x0000000711c00000, 0x0000000711c00000, 0x0000000711e00000|  0%| F|  |TAMS 0x0000000711c00000| PB 0x0000000711c00000| Untracked 
| 106|0x0000000711e00000, 0x0000000711e00000, 0x0000000712000000|  0%| F|  |TAMS 0x0000000711e00000| PB 0x0000000711e00000| Untracked 
| 107|0x0000000712000000, 0x0000000712000000, 0x0000000712200000|  0%| F|  |TAMS 0x0000000712000000| PB 0x0000000712000000| Untracked 
| 108|0x0000000712200000, 0x0000000712200000, 0x0000000712400000|  0%| F|  |TAMS 0x0000000712200000| PB 0x0000000712200000| Untracked 
| 109|0x0000000712400000, 0x0000000712400000, 0x0000000712600000|  0%| F|  |TAMS 0x0000000712400000| PB 0x0000000712400000| Untracked 
| 110|0x0000000712600000, 0x0000000712600000, 0x0000000712800000|  0%| F|  |TAMS 0x0000000712600000| PB 0x0000000712600000| Untracked 
| 111|0x0000000712800000, 0x0000000712800000, 0x0000000712a00000|  0%| F|  |TAMS 0x0000000712800000| PB 0x0000000712800000| Untracked 
| 112|0x0000000712a00000, 0x0000000712a00000, 0x0000000712c00000|  0%| F|  |TAMS 0x0000000712a00000| PB 0x0000000712a00000| Untracked 
| 113|0x0000000712c00000, 0x0000000712cb71d8, 0x0000000712e00000| 35%| S|CS|TAMS 0x0000000712c00000| PB 0x0000000712c00000| Complete 
| 114|0x0000000712e00000, 0x0000000713000000, 0x0000000713000000|100%| S|CS|TAMS 0x0000000712e00000| PB 0x0000000712e00000| Complete 
| 115|0x0000000713000000, 0x0000000713000000, 0x0000000713200000|  0%| F|  |TAMS 0x0000000713000000| PB 0x0000000713000000| Untracked 
| 116|0x0000000713200000, 0x0000000713200000, 0x0000000713400000|  0%| F|  |TAMS 0x0000000713200000| PB 0x0000000713200000| Untracked 
| 117|0x0000000713400000, 0x0000000713400000, 0x0000000713600000|  0%| F|  |TAMS 0x0000000713400000| PB 0x0000000713400000| Untracked 
| 118|0x0000000713600000, 0x0000000713600000, 0x0000000713800000|  0%| F|  |TAMS 0x0000000713600000| PB 0x0000000713600000| Untracked 
| 119|0x0000000713800000, 0x0000000713800000, 0x0000000713a00000|  0%| F|  |TAMS 0x0000000713800000| PB 0x0000000713800000| Untracked 
| 120|0x0000000713a00000, 0x0000000713a00000, 0x0000000713c00000|  0%| F|  |TAMS 0x0000000713a00000| PB 0x0000000713a00000| Untracked 
| 121|0x0000000713c00000, 0x0000000713c00000, 0x0000000713e00000|  0%| F|  |TAMS 0x0000000713c00000| PB 0x0000000713c00000| Untracked 
| 122|0x0000000713e00000, 0x0000000713e00000, 0x0000000714000000|  0%| F|  |TAMS 0x0000000713e00000| PB 0x0000000713e00000| Untracked 
| 123|0x0000000714000000, 0x0000000714200000, 0x0000000714200000|100%| E|  |TAMS 0x0000000714000000| PB 0x0000000714000000| Complete 
| 124|0x0000000714200000, 0x0000000714400000, 0x0000000714400000|100%| E|CS|TAMS 0x0000000714200000| PB 0x0000000714200000| Complete 
| 125|0x0000000714400000, 0x0000000714600000, 0x0000000714600000|100%| E|CS|TAMS 0x0000000714400000| PB 0x0000000714400000| Complete 

Card table byte_map: [0x000001cacf1e0000,0x000001cacf9c0000] _byte_map_base: 0x000001cacb9bb000

Marking Bits: (CMBitMap*) 0x000001cab6906420
 Bits: [0x000001cacf9c0000, 0x000001cad3898000)

Polling page: 0x000001cab4fa0000

Metaspace:

Usage:
  Non-class:      3.63 MB used.
      Class:    450.74 KB used.
       Both:      4.07 MB used.

Virtual space:
  Non-class space:       64.00 MB reserved,       3.69 MB (  6%) committed,  1 nodes.
      Class space:        1.00 GB reserved,     576.00 KB ( <1%) committed,  1 nodes.
             Both:        1.06 GB reserved,       4.25 MB ( <1%) committed. 

Chunk freelists:
   Non-Class:  10.55 MB
       Class:  15.48 MB
        Both:  26.02 MB

MaxMetaspaceSize: unlimited
CompressedClassSpaceSize: 1.00 GB
Initial GC threshold: 21.00 MB
Current GC threshold: 21.00 MB
CDS: on
 - commit_granule_bytes: 65536.
 - commit_granule_words: 8192.
 - virtual_space_node_default_size: 8388608.
 - enlarge_chunks_in_place: 1.
 - use_allocation_guard: 0.


Internal statistics:

num_allocs_failed_limit: 0.
num_arena_births: 138.
num_arena_deaths: 0.
num_vsnodes_births: 2.
num_vsnodes_deaths: 0.
num_space_committed: 68.
num_space_uncommitted: 0.
num_chunks_returned_to_freelist: 0.
num_chunks_taken_from_freelist: 236.
num_chunk_merges: 0.
num_chunk_splits: 146.
num_chunks_enlarged: 87.
num_inconsistent_stats: 0.

CodeHeap 'non-profiled nmethods': size=120000Kb used=507Kb max_used=507Kb free=119492Kb
 bounds [0x000001cac6840000, 0x000001cac6ab0000, 0x000001cacdd70000]
CodeHeap 'profiled nmethods': size=120000Kb used=1645Kb max_used=1645Kb free=118355Kb
 bounds [0x000001cabed70000, 0x000001cabefe0000, 0x000001cac62a0000]
CodeHeap 'non-nmethods': size=5760Kb used=1384Kb max_used=1395Kb free=4375Kb
 bounds [0x000001cac62a0000, 0x000001cac6510000, 0x000001cac6840000]
 total_blobs=1562 nmethods=1079 adapters=388
 compilation: enabled
              stopped_count=0, restarted_count=0
 full_count=0

Compilation events (20 events):
Event: 2.194 Thread 0x000001cad5e5b0c0 1071       3       jdk.internal.org.objectweb.asm.MethodWriter::visitAbstractType (8 bytes)
Event: 2.195 Thread 0x000001cad5e5b0c0 nmethod 1071 0x000001cabef04390 code [0x000001cabef04540, 0x000001cabef04680]
Event: 2.195 Thread 0x000001cad5e5b0c0 1072       3       jdk.internal.org.objectweb.asm.MethodWriter::visitTypeInsn (116 bytes)
Event: 2.195 Thread 0x000001cad5e5b0c0 nmethod 1072 0x000001cabef04790 code [0x000001cabef04980, 0x000001cabef04da8]
Event: 2.195 Thread 0x000001cad5e5b0c0 1073       3       jdk.internal.org.objectweb.asm.SymbolTable::addConstantMethodref (24 bytes)
Event: 2.195 Thread 0x000001cad5e5b0c0 nmethod 1073 0x000001cabef04f90 code [0x000001cabef05140, 0x000001cabef052e8]
Event: 2.195 Thread 0x000001cad5e5b0c0 1074       3       java.lang.invoke.MethodHandleStatics::dumper (4 bytes)
Event: 2.195 Thread 0x000001cad5e5b0c0 nmethod 1074 0x000001cabef05390 code [0x000001cabef05520, 0x000001cabef05618]
Event: 2.196 Thread 0x000001cad5e5b0c0 1075       3       java.lang.Module::isNamed (13 bytes)
Event: 2.196 Thread 0x000001cad5e5b0c0 nmethod 1075 0x000001cabef05690 code [0x000001cabef05820, 0x000001cabef05990]
Event: 2.196 Thread 0x000001cad5e5b0c0 1076       3       jdk.internal.org.objectweb.asm.Type::getDescriptor (93 bytes)
Event: 2.196 Thread 0x000001cad5e5b0c0 nmethod 1076 0x000001cabef05a10 code [0x000001cabef05c80, 0x000001cabef06390]
Event: 2.196 Thread 0x000001cad5e5b0c0 1078       3       jdk.internal.org.objectweb.asm.Type::getReturnTypeOffset (64 bytes)
Event: 2.196 Thread 0x000001cad5e5b0c0 nmethod 1078 0x000001cabef06690 code [0x000001cabef06980, 0x000001cabef07b68]
Event: 2.196 Thread 0x000001cad5e5b0c0 1077       3       jdk.internal.org.objectweb.asm.Frame::push (59 bytes)
Event: 2.197 Thread 0x000001cad5e5b0c0 nmethod 1077 0x000001cabef08290 code [0x000001cabef084e0, 0x000001cabef08c98]
Event: 2.197 Thread 0x000001cad5e5b0c0 1080       3       java.lang.invoke.InvokerBytecodeGenerator::emitImplicitConversion (161 bytes)
Event: 2.198 Thread 0x000001cad5e5b0c0 nmethod 1080 0x000001cabef09010 code [0x000001cabef09340, 0x000001cabef0a140]
Event: 2.198 Thread 0x000001cad5e5b0c0 1079       3       java.util.HashMap::newHashMap (44 bytes)
Event: 2.198 Thread 0x000001cad5e5b0c0 nmethod 1079 0x000001cabef0a610 code [0x000001cabef0a8a0, 0x000001cabef0b088]

GC Heap History (2 events):
Event: 0.473 GC heap before
{Heap before GC invocations=0 (full 0):
 garbage-first heap   total 258048K, used 22528K [0x0000000704a00000, 0x0000000800000000)
  region size 2048K, 11 young (22528K), 0 survivors (0K)
 Metaspace       used 2612K, committed 2752K, reserved 1114112K
  class space    used 265K, committed 320K, reserved 1048576K
}
Event: 0.475 GC heap after
{Heap after GC invocations=1 (full 0):
 garbage-first heap   total 258048K, used 2780K [0x0000000704a00000, 0x0000000800000000)
  region size 2048K, 2 young (4096K), 2 survivors (4096K)
 Metaspace       used 2612K, committed 2752K, reserved 1114112K
  class space    used 265K, committed 320K, reserved 1048576K
}

Dll operation events (20 events):
Event: 0.408 Loaded shared library C:\Users\yasas\.openjfx\cache\21.0.6+3\amd64\api-ms-win-crt-filesystem-l1-1-0.dll
Event: 0.411 Loaded shared library C:\Users\yasas\.openjfx\cache\21.0.6+3\amd64\api-ms-win-crt-heap-l1-1-0.dll
Event: 0.413 Loaded shared library C:\Users\yasas\.openjfx\cache\21.0.6+3\amd64\api-ms-win-crt-locale-l1-1-0.dll
Event: 0.416 Loaded shared library C:\Users\yasas\.openjfx\cache\21.0.6+3\amd64\api-ms-win-crt-math-l1-1-0.dll
Event: 0.418 Loaded shared library C:\Users\yasas\.openjfx\cache\21.0.6+3\amd64\api-ms-win-crt-multibyte-l1-1-0.dll
Event: 0.422 Loaded shared library C:\Users\yasas\.openjfx\cache\21.0.6+3\amd64\api-ms-win-crt-private-l1-1-0.dll
Event: 0.424 Loaded shared library C:\Users\yasas\.openjfx\cache\21.0.6+3\amd64\api-ms-win-crt-process-l1-1-0.dll
Event: 0.427 Loaded shared library C:\Users\yasas\.openjfx\cache\21.0.6+3\amd64\api-ms-win-crt-runtime-l1-1-0.dll
Event: 0.429 Loaded shared library C:\Users\yasas\.openjfx\cache\21.0.6+3\amd64\api-ms-win-crt-stdio-l1-1-0.dll
Event: 0.431 Loaded shared library C:\Users\yasas\.openjfx\cache\21.0.6+3\amd64\api-ms-win-crt-string-l1-1-0.dll
Event: 0.434 Loaded shared library C:\Users\yasas\.openjfx\cache\21.0.6+3\amd64\api-ms-win-crt-time-l1-1-0.dll
Event: 0.437 Loaded shared library C:\Users\yasas\.openjfx\cache\21.0.6+3\amd64\api-ms-win-crt-utility-l1-1-0.dll
Event: 0.449 Loaded shared library C:\Users\yasas\.openjfx\cache\21.0.6+3\amd64\ucrtbase.dll
Event: 0.452 Loaded shared library C:\Users\yasas\.openjfx\cache\21.0.6+3\amd64\vcruntime140.dll
Event: 0.454 Loaded shared library C:\Users\yasas\.openjfx\cache\21.0.6+3\amd64\vcruntime140_1.dll
Event: 0.461 Loaded shared library C:\Users\yasas\.openjfx\cache\21.0.6+3\amd64\msvcp140.dll
Event: 0.464 Loaded shared library C:\Users\yasas\.openjfx\cache\21.0.6+3\amd64\msvcp140_1.dll
Event: 0.469 Loaded shared library C:\Users\yasas\.openjfx\cache\21.0.6+3\amd64\msvcp140_2.dll
Event: 0.500 Loaded shared library C:\Users\yasas\.openjfx\cache\21.0.6+3\amd64\prism_d3d.dll
Event: 2.159 Loaded shared library C:\Users\yasas\.openjfx\cache\21.0.6+3\amd64\glass.dll

Deoptimization events (20 events):
Event: 2.187 Thread 0x000001cb1d237790 Uncommon trap: trap_request=0xffffffde fr.pc=0x000001cac68bdecc relative=0x000000000000012c
Event: 2.187 Thread 0x000001cb1d237790 Uncommon trap: reason=class_check action=maybe_recompile pc=0x000001cac68bdecc method=jdk.internal.misc.Unsafe.allocateUninitializedArray(Ljava/lang/Class;I)Ljava/lang/Object; @ 51 c2
Event: 2.187 Thread 0x000001cb1d237790 DEOPT PACKING pc=0x000001cac68bdecc sp=0x00000027049fdbc0
Event: 2.187 Thread 0x000001cb1d237790 DEOPT UNPACKING pc=0x000001cac62f46a2 sp=0x00000027049fdb38 mode 2
Event: 2.187 Thread 0x000001cb1d237790 Uncommon trap: trap_request=0xffffffde fr.pc=0x000001cac68bdecc relative=0x000000000000012c
Event: 2.187 Thread 0x000001cb1d237790 Uncommon trap: reason=class_check action=maybe_recompile pc=0x000001cac68bdecc method=jdk.internal.misc.Unsafe.allocateUninitializedArray(Ljava/lang/Class;I)Ljava/lang/Object; @ 51 c2
Event: 2.187 Thread 0x000001cb1d237790 DEOPT PACKING pc=0x000001cac68bdecc sp=0x00000027049fa540
Event: 2.187 Thread 0x000001cb1d237790 DEOPT UNPACKING pc=0x000001cac62f46a2 sp=0x00000027049fa4b8 mode 2
Event: 2.188 Thread 0x000001cb1d237790 Uncommon trap: trap_request=0xffffffde fr.pc=0x000001cac68bdecc relative=0x000000000000012c
Event: 2.188 Thread 0x000001cb1d237790 Uncommon trap: reason=class_check action=maybe_recompile pc=0x000001cac68bdecc method=jdk.internal.misc.Unsafe.allocateUninitializedArray(Ljava/lang/Class;I)Ljava/lang/Object; @ 51 c2
Event: 2.188 Thread 0x000001cb1d237790 DEOPT PACKING pc=0x000001cac68bdecc sp=0x00000027049fa540
Event: 2.188 Thread 0x000001cb1d237790 DEOPT UNPACKING pc=0x000001cac62f46a2 sp=0x00000027049fa4b8 mode 2
Event: 2.196 Thread 0x000001cb1d237790 Uncommon trap: trap_request=0xffffff45 fr.pc=0x000001cac68acc28 relative=0x0000000000000088
Event: 2.196 Thread 0x000001cb1d237790 Uncommon trap: reason=unstable_if action=reinterpret pc=0x000001cac68acc28 method=jdk.internal.misc.Unsafe.convEndian(ZI)I @ 4 c2
Event: 2.196 Thread 0x000001cb1d237790 DEOPT PACKING pc=0x000001cac68acc28 sp=0x00000027049fd830
Event: 2.196 Thread 0x000001cb1d237790 DEOPT UNPACKING pc=0x000001cac62f46a2 sp=0x00000027049fd760 mode 2
Event: 2.196 Thread 0x000001cb1d237790 Uncommon trap: trap_request=0xffffff45 fr.pc=0x000001cac688d9fc relative=0x000000000000023c
Event: 2.196 Thread 0x000001cb1d237790 Uncommon trap: reason=unstable_if action=reinterpret pc=0x000001cac688d9fc method=java.util.ImmutableCollections$SetN.contains(Ljava/lang/Object;)Z @ 17 c2
Event: 2.196 Thread 0x000001cb1d237790 DEOPT PACKING pc=0x000001cac688d9fc sp=0x00000027049fd660
Event: 2.196 Thread 0x000001cb1d237790 DEOPT UNPACKING pc=0x000001cac62f46a2 sp=0x00000027049fd610 mode 2

Classes loaded (20 events):
Event: 2.192 Loading class java/lang/PublicMethods
Event: 2.192 Loading class java/lang/PublicMethods done
Event: 2.192 Loading class java/util/LinkedHashMap$LinkedValues
Event: 2.192 Loading class java/util/LinkedHashMap$LinkedValues done
Event: 2.192 Loading class java/util/LinkedHashMap$LinkedValueIterator
Event: 2.192 Loading class java/util/LinkedHashMap$LinkedValueIterator done
Event: 2.193 Loading class java/lang/reflect/Proxy$ProxyBuilder$ProxyClassContext
Event: 2.193 Loading class java/lang/reflect/Proxy$ProxyBuilder$ProxyClassContext done
Event: 2.193 Loading class java/lang/reflect/ProxyGenerator
Event: 2.193 Loading class java/lang/reflect/ProxyGenerator done
Event: 2.193 Loading class java/lang/reflect/ProxyGenerator$ProxyMethod
Event: 2.194 Loading class java/lang/reflect/ProxyGenerator$ProxyMethod done
Event: 2.194 Loading class java/lang/reflect/ProxyGenerator$PrimitiveTypeInfo
Event: 2.194 Loading class java/lang/reflect/ProxyGenerator$PrimitiveTypeInfo done
Event: 2.194 Loading class jdk/internal/org/objectweb/asm/Edge
Event: 2.194 Loading class jdk/internal/org/objectweb/asm/Edge done
Event: 2.195 Loading class java/lang/reflect/Proxy$ProxyBuilder$1
Event: 2.195 Loading class java/lang/reflect/Proxy$ProxyBuilder$1 done
Event: 2.195 Loading class java/lang/annotation/Target
Event: 2.196 Loading class java/lang/annotation/Target done

Classes unloaded (0 events):
No events

Classes redefined (0 events):
No events

Internal exceptions (17 events):
Event: 0.107 Thread 0x000001cab4e3d230 Exception <a 'java/lang/NoSuchMethodError'{0x0000000713f85748}: 'void java.lang.invoke.DirectMethodHandle$Holder.invokeSpecial(java.lang.Object, java.lang.Object, java.lang.Object)'> (0x0000000713f85748) 
thrown [s\open\src\hotspot\share\interpreter\linkResolver.cpp, line 773]
Event: 0.146 Thread 0x000001cab4e3d230 Exception <a 'java/lang/NoSuchMethodError'{0x0000000713aa5bb0}: 'void java.lang.invoke.DirectMethodHandle$Holder.invokeVirtual(java.lang.Object, java.lang.Object)'> (0x0000000713aa5bb0) 
thrown [s\open\src\hotspot\share\interpreter\linkResolver.cpp, line 773]
Event: 0.148 Thread 0x000001cab4e3d230 Exception <a 'java/lang/NoSuchMethodError'{0x0000000713ab05b8}: 'java.lang.Object java.lang.invoke.DirectMethodHandle$Holder.invokeInterface(java.lang.Object, java.lang.Object, java.lang.Object)'> (0x0000000713ab05b8) 
thrown [s\open\src\hotspot\share\interpreter\linkResolver.cpp, line 773]
Event: 0.178 Thread 0x000001cab4e3d230 Exception <a 'java/lang/NoSuchMethodError'{0x000000071397f668}: 'void java.lang.invoke.DirectMethodHandle$Holder.invokeSpecial(java.lang.Object, java.lang.Object, java.lang.Object, java.lang.Object, java.lang.Object)'> (0x000000071397f668) 
thrown [s\open\src\hotspot\share\interpreter\linkResolver.cpp, line 773]
Event: 0.182 Thread 0x000001cab4e3d230 Exception <a 'java/lang/NoSuchMethodError'{0x0000000713994db0}: 'java.lang.Object java.lang.invoke.DirectMethodHandle$Holder.invokeInterface(java.lang.Object, java.lang.Object)'> (0x0000000713994db0) 
thrown [s\open\src\hotspot\share\interpreter\linkResolver.cpp, line 773]
Event: 0.182 Thread 0x000001cab4e3d230 Exception <a 'java/lang/IncompatibleClassChangeError'{0x0000000713998028}: Found class java.lang.Object, but interface was expected> (0x0000000713998028) 
thrown [s\open\src\hotspot\share\interpreter\linkResolver.cpp, line 840]
Event: 0.183 Thread 0x000001cab4e3d230 Exception <a 'java/lang/NoSuchMethodError'{0x000000071399a8d8}: 'void java.lang.invoke.DirectMethodHandle$Holder.invokeStatic(java.lang.Object, java.lang.Object, java.lang.Object, java.lang.Object)'> (0x000000071399a8d8) 
thrown [s\open\src\hotspot\share\interpreter\linkResolver.cpp, line 773]
Event: 0.219 Thread 0x000001cab4e3d230 Exception <a 'java/lang/NoSuchMethodError'{0x0000000713753888}: 'void java.lang.invoke.DirectMethodHandle$Holder.invokeStatic(java.lang.Object, java.lang.Object, java.lang.Object)'> (0x0000000713753888) 
thrown [s\open\src\hotspot\share\interpreter\linkResolver.cpp, line 773]
Event: 0.221 Thread 0x000001cab4e3d230 Exception <a 'java/lang/NoSuchMethodError'{0x0000000713769560}: 'java.lang.Object java.lang.invoke.Invokers$Holder.invokeExact_MT(java.lang.Object, java.lang.Object, java.lang.Object, java.lang.Object, java.lang.Object)'> (0x0000000713769560) 
thrown [s\open\src\hotspot\share\interpreter\linkResolver.cpp, line 773]
Event: 0.231 Thread 0x000001cb1c4e27e0 Exception <a 'java/lang/ClassNotFoundException'{0x00000007137a5ec0}: jdk/net/ExtendedSocketOptions> (0x00000007137a5ec0) 
thrown [s\open\src\hotspot\share\classfile\systemDictionary.cpp, line 312]
Event: 0.232 Thread 0x000001cb1c4e27e0 Exception <a 'java/lang/NoSuchMethodError'{0x00000007137a7590}: 'void java.lang.invoke.DirectMethodHandle$Holder.invokeStatic(java.lang.Object, java.lang.Object)'> (0x00000007137a7590) 
thrown [s\open\src\hotspot\share\interpreter\linkResolver.cpp, line 773]
Event: 0.238 Thread 0x000001cab4e3d230 Exception <a 'java/lang/NoSuchMethodError'{0x0000000713479658}: 'java.lang.Object java.lang.invoke.Invokers$Holder.invokeExact_MT(java.lang.Object, java.lang.Object, java.lang.Object, java.lang.Object, java.lang.Object, java.lang.Object)'> (0x0000000713479658) 
thrown [s\open\src\hotspot\share\interpreter\linkResolver.cpp, line 773]
Event: 2.148 Thread 0x000001cab4e3d230 Exception <a 'java/lang/NoSuchMethodError'{0x000000071427ba00}: 'int java.lang.invoke.DirectMethodHandle$Holder.invokeStaticInit(java.lang.Object, java.lang.Object, java.lang.Object)'> (0x000000071427ba00) 
thrown [s\open\src\hotspot\share\interpreter\linkResolver.cpp, line 773]
Event: 2.161 Thread 0x000001cab4e3d230 Exception <a 'java/lang/NoSuchMethodError'{0x000000071435c5a0}: 'java.lang.Object java.lang.invoke.DirectMethodHandle$Holder.newInvokeSpecial(java.lang.Object, java.lang.Object, int, java.lang.Object)'> (0x000000071435c5a0) 
thrown [s\open\src\hotspot\share\interpreter\linkResolver.cpp, line 773]
Event: 2.162 Thread 0x000001cab4e3d230 Exception <a 'java/lang/NoSuchMethodError'{0x0000000714360708}: 'java.lang.Object java.lang.invoke.DirectMethodHandle$Holder.invokeSpecial(java.lang.Object, java.lang.Object, java.lang.Object, int, java.lang.Object)'> (0x0000000714360708) 
thrown [s\open\src\hotspot\share\interpreter\linkResolver.cpp, line 773]
Event: 2.186 Thread 0x000001cb1d237790 Exception <a 'java/lang/NoSuchMethodError'{0x00000007140c9548}: 'void java.lang.invoke.DirectMethodHandle$Holder.invokeStaticInit(java.lang.Object)'> (0x00000007140c9548) 
thrown [s\open\src\hotspot\share\interpreter\linkResolver.cpp, line 773]
Event: 2.189 Thread 0x000001cab4e3d230 Exception <a 'java/lang/NoSuchMethodError'{0x00000007143739e8}: 'java.lang.Object java.lang.invoke.DirectMethodHandle$Holder.newInvokeSpecial(java.lang.Object, java.lang.Object, java.lang.Object, java.lang.Object, java.lang.Object, java.lang.Object)'> (0x00000007143739e8) 
thrown [s\open\src\hotspot\share\interpreter\linkResolver.cpp, line 773]

ZGC Phase Switch (0 events):
No events

VM Operations (8 events):
Event: 0.180 Executing VM operation: HandshakeAllThreads (Deoptimize)
Event: 0.180 Executing VM operation: HandshakeAllThreads (Deoptimize) done
Event: 0.472 Executing VM operation: G1CollectForAllocation (G1 Evacuation Pause)
Event: 0.475 Executing VM operation: G1CollectForAllocation (G1 Evacuation Pause) done
Event: 1.478 Executing VM operation: Cleanup
Event: 1.478 Executing VM operation: Cleanup done
Event: 2.154 Executing VM operation: HandshakeAllThreads (Deoptimize)
Event: 2.154 Executing VM operation: HandshakeAllThreads (Deoptimize) done

Events (19 events):
Event: 0.021 Thread 0x000001cab4e3d230 Thread added: 0x000001cab4e3d230
Event: 0.032 Thread 0x000001cad5e4d950 Thread added: 0x000001cad5e4d950
Event: 0.032 Thread 0x000001cad5e503b0 Thread added: 0x000001cad5e503b0
Event: 0.032 Thread 0x000001cad5e54e10 Thread added: 0x000001cad5e54e10
Event: 0.032 Thread 0x000001cad5e56d00 Thread added: 0x000001cad5e56d00
Event: 0.032 Thread 0x000001cad66e8090 Thread added: 0x000001cad66e8090
Event: 0.032 Thread 0x000001cad66f9100 Thread added: 0x000001cad66f9100
Event: 0.032 Thread 0x000001cad671b2a0 Thread added: 0x000001cad671b2a0
Event: 0.033 Thread 0x000001cad5e5b0c0 Thread added: 0x000001cad5e5b0c0
Event: 0.053 Thread 0x000001cad680e710 Thread added: 0x000001cad680e710
Event: 0.079 Thread 0x000001cad69442b0 Thread added: 0x000001cad69442b0
Event: 0.087 Thread 0x000001cad6945720 Thread added: 0x000001cad6945720
Event: 0.224 Thread 0x000001cb1c4e27e0 Thread added: 0x000001cb1c4e27e0
Event: 0.224 Thread 0x000001cb1c0a33b0 Thread added: 0x000001cb1c0a33b0
Event: 0.465 Thread 0x000001cad6945720 Thread exited: 0x000001cad6945720
Event: 0.492 Thread 0x000001cb1c5e9480 Thread added: 0x000001cb1c5e9480
Event: 2.144 Thread 0x000001cad69442b0 Thread exited: 0x000001cad69442b0
Event: 2.161 Thread 0x000001cb1d1cbec0 Thread added: 0x000001cb1d1cbec0
Event: 2.162 Thread 0x000001cb1d237790 Thread added: 0x000001cb1d237790


Dynamic libraries:
0x00007ff750a60000 - 0x00007ff750a70000 	C:\Program Files\Java\jdk-21\bin\java.exe
0x00007ffab4920000 - 0x00007ffab4b89000 	C:\WINDOWS\SYSTEM32\ntdll.dll
0x00007ffab3170000 - 0x00007ffab3239000 	C:\WINDOWS\System32\KERNEL32.DLL
0x00007ffab1d70000 - 0x00007ffab2163000 	C:\WINDOWS\System32\KERNELBASE.dll
0x00007ffab1b70000 - 0x00007ffab1cbb000 	C:\WINDOWS\System32\ucrtbase.dll
0x00007ffaa9a50000 - 0x00007ffaa9a69000 	C:\Program Files\Java\jdk-21\bin\jli.dll
0x00007ffaa9a30000 - 0x00007ffaa9a4b000 	C:\Program Files\Java\jdk-21\bin\VCRUNTIME140.dll
0x00007ffab40c0000 - 0x00007ffab4174000 	C:\WINDOWS\System32\ADVAPI32.dll
0x00007ffab2810000 - 0x00007ffab28b9000 	C:\WINDOWS\System32\msvcrt.dll
0x00007ffab3570000 - 0x00007ffab3616000 	C:\WINDOWS\System32\sechost.dll
0x00007ffab2900000 - 0x00007ffab2a18000 	C:\WINDOWS\System32\RPCRT4.dll
0x00007ffab4180000 - 0x00007ffab4344000 	C:\WINDOWS\System32\USER32.dll
0x00007ffab2420000 - 0x00007ffab2447000 	C:\WINDOWS\System32\win32u.dll
0x00007ffab28d0000 - 0x00007ffab28fb000 	C:\WINDOWS\System32\GDI32.dll
0x00007ffab2450000 - 0x00007ffab257d000 	C:\WINDOWS\System32\gdi32full.dll
0x00007ffab1cc0000 - 0x00007ffab1d63000 	C:\WINDOWS\System32\msvcp_win.dll
0x00007ffa924d0000 - 0x00007ffa92763000 	C:\WINDOWS\WinSxS\amd64_microsoft.windows.common-controls_6595b64144ccf1df_6.0.26100.5074_none_3e0d6f78e32fd63f\COMCTL32.dll
0x00007ffaa5800000 - 0x00007ffaa580b000 	C:\WINDOWS\SYSTEM32\VERSION.dll
0x00007ffab3890000 - 0x00007ffab38bf000 	C:\WINDOWS\System32\IMM32.DLL
0x00007ffa89a50000 - 0x00007ffa89b42000 	C:\Program Files\Windhawk\Engine\1.6.1\64\windhawk.dll
0x00007ffaac2e0000 - 0x00007ffaac2ec000 	C:\Program Files\Java\jdk-21\bin\vcruntime140_1.dll
0x00007ffa988a0000 - 0x00007ffa9892e000 	C:\Program Files\Java\jdk-21\bin\msvcp140.dll
0x00007ffa44340000 - 0x00007ffa4505a000 	C:\Program Files\Java\jdk-21\bin\server\jvm.dll
0x00007ffab26f0000 - 0x00007ffab2764000 	C:\WINDOWS\System32\WS2_32.dll
0x00007ffab1330000 - 0x00007ffab138e000 	C:\WINDOWS\SYSTEM32\POWRPROF.dll
0x00007ffaa2cc0000 - 0x00007ffaa2cf5000 	C:\WINDOWS\SYSTEM32\WINMM.dll
0x00007ffab1310000 - 0x00007ffab1324000 	C:\WINDOWS\SYSTEM32\UMPDC.dll
0x00007ffab0850000 - 0x00007ffab086b000 	C:\WINDOWS\SYSTEM32\kernel.appcore.dll
0x00007ffaa9e80000 - 0x00007ffaa9e8a000 	C:\Program Files\Java\jdk-21\bin\jimage.dll
0x00007ffaaf110000 - 0x00007ffaaf352000 	C:\WINDOWS\SYSTEM32\DBGHELP.DLL
0x00007ffab3b60000 - 0x00007ffab3edb000 	C:\WINDOWS\System32\combase.dll
0x00007ffab3460000 - 0x00007ffab3537000 	C:\WINDOWS\System32\OLEAUT32.dll
0x00007ffa8e800000 - 0x00007ffa8e83d000 	C:\WINDOWS\SYSTEM32\dbgcore.DLL
0x00007ffab22f0000 - 0x00007ffab2389000 	C:\WINDOWS\System32\bcryptPrimitives.dll
0x00007ffa98b60000 - 0x00007ffa98b6f000 	C:\Program Files\Java\jdk-21\bin\instrument.dll
0x00007ffaa4a60000 - 0x00007ffaa4a7f000 	C:\Program Files\Java\jdk-21\bin\java.dll
0x00007ffab2a20000 - 0x00007ffab316d000 	C:\WINDOWS\System32\SHELL32.dll
0x00007ffab2580000 - 0x00007ffab26ec000 	C:\WINDOWS\System32\wintypes.dll
0x00007ffaaf6d0000 - 0x00007ffaaff29000 	C:\WINDOWS\SYSTEM32\windows.storage.dll
0x00007ffab4350000 - 0x00007ffab4440000 	C:\WINDOWS\System32\SHCORE.dll
0x00007ffab3820000 - 0x00007ffab3882000 	C:\WINDOWS\System32\shlwapi.dll
0x00007ffab19d0000 - 0x00007ffab19f9000 	C:\WINDOWS\SYSTEM32\profapi.dll
0x00007ffa86590000 - 0x00007ffa86667000 	C:\Program Files\Java\jdk-21\bin\jsvml.dll
0x00007ffaa5ea0000 - 0x00007ffaa5eb0000 	C:\Program Files\Java\jdk-21\bin\net.dll
0x00007ffaaa1f0000 - 0x00007ffaaa30f000 	C:\WINDOWS\SYSTEM32\WINHTTP.dll
0x00007ffab0db0000 - 0x00007ffab0e1b000 	C:\WINDOWS\system32\mswsock.dll
0x00007ffaa4a40000 - 0x00007ffaa4a56000 	C:\Program Files\Java\jdk-21\bin\nio.dll
0x00007ffa9c760000 - 0x00007ffa9c778000 	C:\Program Files\Java\jdk-21\bin\zip.dll
0x000001cab4ff0000 - 0x000001cab4ff3000 	C:\Users\yasas\.openjfx\cache\21.0.6+3\amd64\api-ms-win-core-console-l1-1-0.dll
0x000001cab5000000 - 0x000001cab5003000 	C:\Users\yasas\.openjfx\cache\21.0.6+3\amd64\api-ms-win-core-console-l1-2-0.dll
0x000001cab5010000 - 0x000001cab5013000 	C:\Users\yasas\.openjfx\cache\21.0.6+3\amd64\api-ms-win-core-datetime-l1-1-0.dll
0x000001cab5020000 - 0x000001cab5023000 	C:\Users\yasas\.openjfx\cache\21.0.6+3\amd64\api-ms-win-core-debug-l1-1-0.dll
0x000001cab5030000 - 0x000001cab5033000 	C:\Users\yasas\.openjfx\cache\21.0.6+3\amd64\api-ms-win-core-errorhandling-l1-1-0.dll
0x000001cab5040000 - 0x000001cab5044000 	C:\Users\yasas\.openjfx\cache\21.0.6+3\amd64\api-ms-win-core-file-l1-1-0.dll
0x000001cab5060000 - 0x000001cab5063000 	C:\Users\yasas\.openjfx\cache\21.0.6+3\amd64\api-ms-win-core-file-l1-2-0.dll
0x000001cab5070000 - 0x000001cab5073000 	C:\Users\yasas\.openjfx\cache\21.0.6+3\amd64\api-ms-win-core-file-l2-1-0.dll
0x000001cab5080000 - 0x000001cab5083000 	C:\Users\yasas\.openjfx\cache\21.0.6+3\amd64\api-ms-win-core-handle-l1-1-0.dll
0x000001cab5090000 - 0x000001cab5093000 	C:\Users\yasas\.openjfx\cache\21.0.6+3\amd64\api-ms-win-core-heap-l1-1-0.dll
0x000001cab6950000 - 0x000001cab6953000 	C:\Users\yasas\.openjfx\cache\21.0.6+3\amd64\api-ms-win-core-interlocked-l1-1-0.dll
0x000001cab6960000 - 0x000001cab6963000 	C:\Users\yasas\.openjfx\cache\21.0.6+3\amd64\api-ms-win-core-libraryloader-l1-1-0.dll
0x000001cab6970000 - 0x000001cab6973000 	C:\Users\yasas\.openjfx\cache\21.0.6+3\amd64\api-ms-win-core-localization-l1-2-0.dll
0x000001cab6980000 - 0x000001cab6983000 	C:\Users\yasas\.openjfx\cache\21.0.6+3\amd64\api-ms-win-core-memory-l1-1-0.dll
0x000001cad6ae0000 - 0x000001cad6ae3000 	C:\Users\yasas\.openjfx\cache\21.0.6+3\amd64\api-ms-win-core-namedpipe-l1-1-0.dll
0x000001cad6af0000 - 0x000001cad6af3000 	C:\Users\yasas\.openjfx\cache\21.0.6+3\amd64\api-ms-win-core-processenvironment-l1-1-0.dll
0x000001cad6b00000 - 0x000001cad6b03000 	C:\Users\yasas\.openjfx\cache\21.0.6+3\amd64\api-ms-win-core-processthreads-l1-1-0.dll
0x000001cad6b10000 - 0x000001cad6b13000 	C:\Users\yasas\.openjfx\cache\21.0.6+3\amd64\api-ms-win-core-processthreads-l1-1-1.dll
0x000001cad6b20000 - 0x000001cad6b23000 	C:\Users\yasas\.openjfx\cache\21.0.6+3\amd64\api-ms-win-core-profile-l1-1-0.dll
0x000001cad6b30000 - 0x000001cad6b33000 	C:\Users\yasas\.openjfx\cache\21.0.6+3\amd64\api-ms-win-core-rtlsupport-l1-1-0.dll
0x000001cad6b40000 - 0x000001cad6b43000 	C:\Users\yasas\.openjfx\cache\21.0.6+3\amd64\api-ms-win-core-string-l1-1-0.dll
0x000001cad6b50000 - 0x000001cad6b53000 	C:\Users\yasas\.openjfx\cache\21.0.6+3\amd64\api-ms-win-core-synch-l1-1-0.dll
0x000001cad6b60000 - 0x000001cad6b63000 	C:\Users\yasas\.openjfx\cache\21.0.6+3\amd64\api-ms-win-core-synch-l1-2-0.dll
0x000001cad6b70000 - 0x000001cad6b73000 	C:\Users\yasas\.openjfx\cache\21.0.6+3\amd64\api-ms-win-core-sysinfo-l1-1-0.dll
0x000001cad6b80000 - 0x000001cad6b83000 	C:\Users\yasas\.openjfx\cache\21.0.6+3\amd64\api-ms-win-core-timezone-l1-1-0.dll
0x000001cad6b90000 - 0x000001cad6b93000 	C:\Users\yasas\.openjfx\cache\21.0.6+3\amd64\api-ms-win-core-util-l1-1-0.dll
0x000001cad6ba0000 - 0x000001cad6ba3000 	C:\Users\yasas\.openjfx\cache\21.0.6+3\amd64\api-ms-win-crt-conio-l1-1-0.dll
0x000001cad6bb0000 - 0x000001cad6bb4000 	C:\Users\yasas\.openjfx\cache\21.0.6+3\amd64\api-ms-win-crt-convert-l1-1-0.dll
0x000001cad6bc0000 - 0x000001cad6bc3000 	C:\Users\yasas\.openjfx\cache\21.0.6+3\amd64\api-ms-win-crt-environment-l1-1-0.dll
0x000001cad6bd0000 - 0x000001cad6bd3000 	C:\Users\yasas\.openjfx\cache\21.0.6+3\amd64\api-ms-win-crt-filesystem-l1-1-0.dll
0x000001cad6be0000 - 0x000001cad6be3000 	C:\Users\yasas\.openjfx\cache\21.0.6+3\amd64\api-ms-win-crt-heap-l1-1-0.dll
0x000001cad6bf0000 - 0x000001cad6bf3000 	C:\Users\yasas\.openjfx\cache\21.0.6+3\amd64\api-ms-win-crt-locale-l1-1-0.dll
0x000001cad6c00000 - 0x000001cad6c05000 	C:\Users\yasas\.openjfx\cache\21.0.6+3\amd64\api-ms-win-crt-math-l1-1-0.dll
0x000001cad6c10000 - 0x000001cad6c15000 	C:\Users\yasas\.openjfx\cache\21.0.6+3\amd64\api-ms-win-crt-multibyte-l1-1-0.dll
0x000001cad6c20000 - 0x000001cad6c30000 	C:\Users\yasas\.openjfx\cache\21.0.6+3\amd64\api-ms-win-crt-private-l1-1-0.dll
0x000001cad6c30000 - 0x000001cad6c33000 	C:\Users\yasas\.openjfx\cache\21.0.6+3\amd64\api-ms-win-crt-process-l1-1-0.dll
0x000001cad6c40000 - 0x000001cad6c44000 	C:\Users\yasas\.openjfx\cache\21.0.6+3\amd64\api-ms-win-crt-runtime-l1-1-0.dll
0x000001cad6c50000 - 0x000001cad6c54000 	C:\Users\yasas\.openjfx\cache\21.0.6+3\amd64\api-ms-win-crt-stdio-l1-1-0.dll
0x000001cad6c60000 - 0x000001cad6c64000 	C:\Users\yasas\.openjfx\cache\21.0.6+3\amd64\api-ms-win-crt-string-l1-1-0.dll
0x000001cad6c70000 - 0x000001cad6c73000 	C:\Users\yasas\.openjfx\cache\21.0.6+3\amd64\api-ms-win-crt-time-l1-1-0.dll
0x000001cad6c80000 - 0x000001cad6c83000 	C:\Users\yasas\.openjfx\cache\21.0.6+3\amd64\api-ms-win-crt-utility-l1-1-0.dll
0x00007ffa5a8a0000 - 0x00007ffa5a99c000 	C:\Users\yasas\.openjfx\cache\21.0.6+3\amd64\ucrtbase.dll
0x00007ffa86570000 - 0x00007ffa8658b000 	C:\Users\yasas\.openjfx\cache\21.0.6+3\amd64\vcruntime140.dll
0x00007ffa85f60000 - 0x00007ffa85f6c000 	C:\Users\yasas\.openjfx\cache\21.0.6+3\amd64\vcruntime140_1.dll
0x00007ffa72ed0000 - 0x00007ffa72f5e000 	C:\Users\yasas\.openjfx\cache\21.0.6+3\amd64\msvcp140.dll
0x00007ffa85110000 - 0x00007ffa85119000 	C:\Users\yasas\.openjfx\cache\21.0.6+3\amd64\msvcp140_1.dll
0x00007ffa74f30000 - 0x00007ffa74f71000 	C:\Users\yasas\.openjfx\cache\21.0.6+3\amd64\msvcp140_2.dll
0x00007ffa827d0000 - 0x00007ffa82800000 	C:\Users\yasas\.openjfx\cache\21.0.6+3\amd64\prism_d3d.dll
0x00007ffaa8e80000 - 0x00007ffaa9031000 	C:\WINDOWS\system32\d3d9.dll
0x00007ffaaeb50000 - 0x00007ffaaeb7b000 	C:\WINDOWS\SYSTEM32\dwmapi.dll
0x00007ffaaeb00000 - 0x00007ffaaeb44000 	C:\WINDOWS\SYSTEM32\dxcore.dll
0x00007ffaae890000 - 0x00007ffaae938000 	C:\WINDOWS\system32\uxtheme.dll
0x00007ffaa8db0000 - 0x00007ffaa8e72000 	C:\WINDOWS\SYSTEM32\d3d9on12.dll
0x00007ffaae9a0000 - 0x00007ffaaeada000 	C:\WINDOWS\SYSTEM32\dxgi.dll
0x00007ffaa8d80000 - 0x00007ffaa8da3000 	C:\WINDOWS\SYSTEM32\d3d12.dll
0x00007ffab1730000 - 0x00007ffab1787000 	C:\WINDOWS\SYSTEM32\cfgmgr32.dll
0x00007ffaa8b00000 - 0x00007ffaa8d70000 	C:\WINDOWS\SYSTEM32\D3D12Core.dll
0x00007ffaa8ad0000 - 0x00007ffaa8af7000 	C:\WINDOWS\System32\DriverStore\FileRepository\iigd_dch.inf_amd64_ce2a84db4d20c228\igd12umd64.dll
0x00007ffa3aa00000 - 0x00007ffa3b94b000 	C:\WINDOWS\System32\DriverStore\FileRepository\iigd_dch.inf_amd64_ce2a84db4d20c228\igd12um64xel.dll
0x00007ffab2170000 - 0x00007ffab22e7000 	C:\WINDOWS\System32\CRYPT32.dll
0x00007ffab3620000 - 0x00007ffab37b8000 	C:\WINDOWS\System32\ole32.dll
0x00007ffab19a0000 - 0x00007ffab19c6000 	C:\WINDOWS\SYSTEM32\bcrypt.dll
0x00007ffa82c70000 - 0x00007ffa82cb4000 	C:\WINDOWS\SYSTEM32\ControlLib.dll
0x00007ffab4450000 - 0x00007ffab48d7000 	C:\WINDOWS\System32\SETUPAPI.dll
0x00007ffab1790000 - 0x00007ffab17bd000 	C:\WINDOWS\SYSTEM32\DEVOBJ.dll
0x00007ffaa4b30000 - 0x00007ffaa4bb8000 	C:\WINDOWS\System32\DriverStore\FileRepository\iigd_dch.inf_amd64_ce2a84db4d20c228\IntelControlLib.dll
0x00007ffab2390000 - 0x00007ffab240e000 	C:\WINDOWS\System32\WINTRUST.dll
0x00007ffab11e0000 - 0x00007ffab11f3000 	C:\WINDOWS\SYSTEM32\MSASN1.dll
0x00007ffaab110000 - 0x00007ffaab170000 	C:\WINDOWS\SYSTEM32\directxdatabasehelper.dll
0x00007ffaa2730000 - 0x00007ffaa2b04000 	C:\WINDOWS\System32\DriverStore\FileRepository\iigd_dch.inf_amd64_ce2a84db4d20c228\igdgmm64.dll
0x00007ffa9e910000 - 0x00007ffaa2722000 	C:\WINDOWS\System32\DriverStore\FileRepository\iigd_dch.inf_amd64_ce2a84db4d20c228\igc64.dll
0x00007ffaa8a90000 - 0x00007ffaa8abe000 	C:\WINDOWS\SYSTEM32\D3DSCache.dll
0x00007ffab0e50000 - 0x00007ffab0e7b000 	C:\WINDOWS\SYSTEM32\USERENV.dll
0x00007ffa39650000 - 0x00007ffa3a9fd000 	C:\WINDOWS\System32\DriverStore\FileRepository\iigd_dch.inf_amd64_ce2a84db4d20c228\igd12dxva64.dll
0x00007ffa4f370000 - 0x00007ffa51090000 	C:\WINDOWS\System32\DriverStore\FileRepository\iigd_dch.inf_amd64_ce2a84db4d20c228\media_bin_64.dll
0x00007ffa4f340000 - 0x00007ffa4f367000 	C:\WINDOWS\System32\DriverStore\FileRepository\iigd_dch.inf_amd64_ce2a84db4d20c228\igdinfo64.dll
0x00007ffa9df80000 - 0x00007ffa9e1b9000 	C:\WINDOWS\SYSTEM32\twinapi.appcore.dll
0x00007ffa70560000 - 0x00007ffa705a2000 	C:\Users\yasas\.openjfx\cache\21.0.6+3\amd64\glass.dll
0x00007ffab3360000 - 0x00007ffab3451000 	C:\WINDOWS\System32\COMDLG32.dll
0x00007ffab39f0000 - 0x00007ffab3b48000 	C:\WINDOWS\System32\MSCTF.dll

dbghelp: loaded successfully - version: 4.0.5 - missing functions: none
symbol engine: initialized successfully - sym options: 0x614 - pdb path: .;C:\Program Files\Java\jdk-21\bin;C:\WINDOWS\SYSTEM32;C:\WINDOWS\WinSxS\amd64_microsoft.windows.common-controls_6595b64144ccf1df_6.0.26100.5074_none_3e0d6f78e32fd63f;C:\Program Files\Windhawk\Engine\1.6.1\64;C:\Program Files\Java\jdk-21\bin\server;C:\Users\yasas\.openjfx\cache\21.0.6+3\amd64;C:\WINDOWS\System32\DriverStore\FileRepository\iigd_dch.inf_amd64_ce2a84db4d20c228

VM Arguments:
jvm_args: -javaagent:C:\Program Files\JetBrains\IntelliJ IDEA 2025.2.1\lib\idea_rt.jar=54407 -Dfile.encoding=UTF-8 -Dsun.stdout.encoding=UTF-8 -Dsun.stderr.encoding=UTF-8 --module-path=C:\Users\yasas\.m2\repository\org\hibernate\orm\hibernate-core\6.0.0.Final\hibernate-core-6.0.0.Final.jar;C:\Users\yasas\.m2\repository\org\springframework\security\spring-security-crypto\6.5.3\spring-security-crypto-6.5.3.jar;C:\Users\yasas\.m2\repository\jakarta\persistence\jakarta.persistence-api\3.1.0\jakarta.persistence-api-3.1.0.jar;C:\Users\yasas\.m2\repository\org\openjfx\javafx-base\21.0.6\javafx-base-21.0.6-win.jar;C:\Users\yasas\.m2\repository\org\openjfx\javafx-graphics\21.0.6\javafx-graphics-21.0.6-win.jar;C:\Users\yasas\.m2\repository\org\openjfx\javafx-fxml\21.0.6\javafx-fxml-21.0.6-win.jar;C:\Users\yasas\Documents\dev\ijse\elite-learners-system\target\classes;C:\Users\yasas\.m2\repository\org\projectlombok\lombok\1.18.34\lombok-1.18.34.jar;C:\Users\yasas\.m2\repository\org\openjfx\javafx-controls\21.0.6\javafx-controls-21.0.6-win.jar -Djdk.module.main=lk.ijse.learners 
java_command: lk.ijse.learners/lk.ijse.learners.Launcher
java_class_path (initial): C:\Users\yasas\.m2\repository\jakarta\transaction\jakarta.transaction-api\2.0.0\jakarta.transaction-api-2.0.0.jar;C:\Users\yasas\.m2\repository\org\jboss\logging\jboss-logging\3.4.3.Final\jboss-logging-3.4.3.Final.jar;C:\Users\yasas\.m2\repository\org\jboss\jandex\2.4.2.Final\jandex-2.4.2.Final.jar;C:\Users\yasas\.m2\repository\com\fasterxml\classmate\1.5.1\classmate-1.5.1.jar;C:\Users\yasas\.m2\repository\org\hibernate\common\hibernate-commons-annotations\6.0.0.CR1\hibernate-commons-annotations-6.0.0.CR1.jar;C:\Users\yasas\.m2\repository\net\bytebuddy\byte-buddy\1.12.8\byte-buddy-1.12.8.jar;C:\Users\yasas\.m2\repository\jakarta\activation\jakarta.activation-api\2.0.1\jakarta.activation-api-2.0.1.jar;C:\Users\yasas\.m2\repository\jakarta\xml\bind\jakarta.xml.bind-api\3.0.1\jakarta.xml.bind-api-3.0.1.jar;C:\Users\yasas\.m2\repository\com\sun\activation\jakarta.activation\2.0.1\jakarta.activation-2.0.1.jar;C:\Users\yasas\.m2\repository\org\glassfish\jaxb\jaxb-runtime\3.0.2\jaxb-runtime-3.0.2.jar;C:\Users\yasas\.m2\repository\org\glassfish\jaxb\jaxb-core\3.0.2\jaxb-core-3.0.2.jar;C:\Users\yasas\.m2\repository\org\glassfish\jaxb\txw2\3.0.2\txw2-3.0.2.jar;C:\Users\yasas\.m2\repository\com\sun\istack\istack-commons-runtime\4.0.1\istack-commons-runtime-4.0.1.jar;C:\Users\yasas\.m2\repository\jakarta\inject\jakarta.inject-api\2.0.0\jakarta.inject-api-2.0.0.jar;C:\Users\yasas\.m2\repository\org\antlr\antlr4-runtime\4.9.1\antlr4-runtime-4.9.1.jar;C:\Users\yasas\.m2\repository\com\mysql\mysql-connector-j\8.0.33\mysql-connector-j-8.0.33.jar;C:\Users\yasas\.m2\repository\com\google\protobuf\protobuf-java\3.21.9\protobuf-java-3.21.9.jar;C:\Users\yasas\.m2\repository\org\openjfx\javafx-controls\21.0.6\javafx-controls-21.0.6.jar;C:\Users\yasas\.m2\repository\org\openjfx\javafx-graphics\21.0.6\javafx-graphics-21.0.6.jar;C:\Users\yasas\.m2\repository\org\openjfx\javafx-base\21.0.6\javafx-base-21.0.6.jar;C:\Users\yasas\.m2\repository\org\openjfx\javafx-fxml\21.0.6\javafx-fxml-21.0.6.jar
Launcher Type: SUN_STANDARD

[Global flags]
     intx CICompilerCount                          = 4                                         {product} {ergonomic}
     uint ConcGCThreads                            = 3                                         {product} {ergonomic}
     uint G1ConcRefinementThreads                  = 10                                        {product} {ergonomic}
   size_t G1HeapRegionSize                         = 2097152                                   {product} {ergonomic}
    uintx GCDrainStackTargetSize                   = 64                                        {product} {ergonomic}
   size_t InitialHeapSize                          = 264241152                                 {product} {ergonomic}
   size_t MarkStackSize                            = 4194304                                   {product} {ergonomic}
   size_t MaxHeapSize                              = 4217372672                                {product} {ergonomic}
   size_t MaxNewSize                               = 2529165312                                {product} {ergonomic}
   size_t MinHeapDeltaBytes                        = 2097152                                   {product} {ergonomic}
   size_t MinHeapSize                              = 8388608                                   {product} {ergonomic}
    uintx NonNMethodCodeHeapSize                   = 5839372                                {pd product} {ergonomic}
    uintx NonProfiledCodeHeapSize                  = 122909434                              {pd product} {ergonomic}
    uintx ProfiledCodeHeapSize                     = 122909434                              {pd product} {ergonomic}
    uintx ReservedCodeCacheSize                    = 251658240                              {pd product} {ergonomic}
     bool SegmentedCodeCache                       = true                                      {product} {ergonomic}
   size_t SoftMaxHeapSize                          = 4217372672                             {manageable} {ergonomic}
     bool UseCompressedOops                        = true                           {product lp64_product} {ergonomic}
     bool UseG1GC                                  = true                                      {product} {ergonomic}
     bool UseLargePagesIndividualAllocation        = false                                  {pd product} {ergonomic}

Logging:
Log output configuration:
 #0: stdout all=warning uptime,level,tags foldmultilines=false
 #1: stderr all=off uptime,level,tags foldmultilines=false

Environment Variables:
PATH=C:\Program Files\Common Files\Oracle\Java\javapath;C:\WINDOWS\system32;C:\WINDOWS;C:\WINDOWS\System32\Wbem;C:\WINDOWS\System32\WindowsPowerShell\v1.0\;C:\WINDOWS\System32\OpenSSH\;C:\Program Files (x86)\NVIDIA Corporation\PhysX\Common;C:\Program Files\Git\cmd;C:\Program Files\MySQL\MySQL Shell 8.0\bin\;C:\Users\yasas\AppData\Local\Microsoft\WindowsApps;C:\Program Files\Git\bin;C:\Users\yasas\AppData\Local\Programs\Microsoft VS Code\bin
USERNAME=yasas
OS=Windows_NT
PROCESSOR_IDENTIFIER=Intel64 Family 6 Model 154 Stepping 3, GenuineIntel
TMP=C:\Users\yasas\AppData\Local\Temp
TEMP=C:\Users\yasas\AppData\Local\Temp




Periodic native trim disabled

---------------  S Y S T E M  ---------------

OS:
 Windows 11 , 64 bit Build 26100 (10.0.26100.5074)
OS uptime: 0 days 14:20 hours
Hyper-V role detected

CPU: total 12 (initial active 12) (6 cores per cpu, 2 threads per core) family 6 model 154 stepping 3 microcode 0x424, cx8, cmov, fxsr, ht, mmx, 3dnowpref, sse, sse2, sse3, ssse3, sse4.1, sse4.2, popcnt, lzcnt, tsc, tscinvbit, avx, avx2, aes, erms, clmul, bmi1, bmi2, adx, sha, fma, vzeroupper, clflush, clflushopt, clwb, hv, serialize, rdtscp, rdpid, fsrm, f16c, cet_ibt, cet_ss
Processor Information for processor 0
  Max Mhz: 2000, Current Mhz: 2000, Mhz Limit: 2000
Processor Information for processor 1
  Max Mhz: 2000, Current Mhz: 2000, Mhz Limit: 2000
Processor Information for processor 2
  Max Mhz: 2000, Current Mhz: 2000, Mhz Limit: 2000
Processor Information for processor 3
  Max Mhz: 2000, Current Mhz: 2000, Mhz Limit: 2000
Processor Information for processor 4
  Max Mhz: 2000, Current Mhz: 2000, Mhz Limit: 2000
Processor Information for processor 5
  Max Mhz: 2000, Current Mhz: 2000, Mhz Limit: 2000
Processor Information for processor 6
  Max Mhz: 2000, Current Mhz: 2000, Mhz Limit: 2000
Processor Information for processor 7
  Max Mhz: 2000, Current Mhz: 2000, Mhz Limit: 2000
Processor Information for processor 8
  Max Mhz: 2000, Current Mhz: 2000, Mhz Limit: 2000
Processor Information for processor 9
  Max Mhz: 2000, Current Mhz: 1466, Mhz Limit: 2000
Processor Information for processor 10
  Max Mhz: 2000, Current Mhz: 2000, Mhz Limit: 2000
Processor Information for processor 11
  Max Mhz: 2000, Current Mhz: 2000, Mhz Limit: 2000

Memory: 4k page, system-wide physical 16085M (1507M free)
TotalPageFile size 36959M (AvailPageFile size 21M)
current process WorkingSet (physical memory assigned to process): 109M, peak: 109M
current process commit charge ("private bytes"): 386M, peak: 386M

vm_info: Java HotSpot(TM) 64-Bit Server VM (21.0.7+8-LTS-245) for windows-amd64 JRE (21.0.7+8-LTS-245), built on 2025-02-21T05:11:27Z by "mach5one" with MS VC++ 17.6 (VS2022)

END.
