#
# A fatal error has been detected by the Java Runtime Environment:
#
#  EXCEPTION_ACCESS_VIOLATION (0xc0000005) at pc=0x00007ff970e36a17, pid=3272, tid=7988
#
# JRE version: Java(TM) SE Runtime Environment (21.0.7+8) (build 21.0.7+8-LTS-245)
# Java VM: Java HotSpot(TM) 64-Bit Server VM (21.0.7+8-LTS-245, mixed mode, sharing, tiered, compressed oops, compressed class ptrs, g1 gc, windows-amd64)
# Problematic frame:
# C  [glass.dll+0x26a17]
#
# No core dump will be written. Minidumps are not enabled by default on client versions of Windows
#
# If you would like to submit a bug report, please visit:
#   https://bugreport.java.com/bugreport/crash.jsp
#

---------------  S U M M A R Y ------------

Command Line: -javaagent:C:\Program Files\JetBrains\IntelliJ IDEA 2025.2.1\lib\idea_rt.jar=50389 -Dfile.encoding=UTF-8 -Dsun.stdout.encoding=UTF-8 -Dsun.stderr.encoding=UTF-8 --module-path=C:\Users\yasas\.m2\repository\org\openjfx\javafx-base\21.0.6\javafx-base-21.0.6-win.jar;C:\Users\yasas\.m2\repository\org\springframework\security\spring-security-crypto\6.5.3\spring-security-crypto-6.5.3.jar;C:\Users\yasas\.m2\repository\org\hibernate\orm\hibernate-core\6.0.0.Final\hibernate-core-6.0.0.Final.jar;C:\Users\yasas\.m2\repository\org\openjfx\javafx-fxml\21.0.6\javafx-fxml-21.0.6-win.jar;C:\Users\yasas\.m2\repository\org\projectlombok\lombok\1.18.34\lombok-1.18.34.jar;C:\Users\yasas\.m2\repository\jakarta\persistence\jakarta.persistence-api\3.1.0\jakarta.persistence-api-3.1.0.jar;C:\Users\yasas\.m2\repository\org\openjfx\javafx-controls\21.0.6\javafx-controls-21.0.6-win.jar;C:\Users\yasas\.m2\repository\org\openjfx\javafx-graphics\21.0.6\javafx-graphics-21.0.6-win.jar;C:\Users\yasas\Documents\dev\ijse\elite-learners-system\target\classes -Djdk.module.main=lk.ijse.learners lk.ijse.learners/lk.ijse.learners.Launcher

Host: 12th Gen Intel(R) Core(TM) i5-12450H, 12 cores, 15G,  Windows 11 , 64 bit Build 26100 (10.0.26100.5074)
Time: Thu Sep 25 21:17:10 2025 Sri Lanka Standard Time elapsed time: 49.345681 seconds (0d 0h 0m 49s)

---------------  T H R E A D  ---------------

Current thread (0x000001d19ecff6a0):  VMThread "VM Thread"          [id=7988, stack(0x0000009659b00000,0x0000009659c00000) (1024K)]

Stack: [0x0000009659b00000,0x0000009659c00000],  sp=0x0000009659bff090,  free space=1020k
Native frames: (J=compiled Java code, j=interpreted, Vv=VM code, C=native code)
C  [glass.dll+0x26a17]


siginfo: EXCEPTION_ACCESS_VIOLATION (0xc0000005), reading address 0x0000000000000000


Registers:
RAX=0x0000000000000000, RBX=0x000001d19ed0cc9a, RCX=0x000001d19ecff6a0, RDX=0x0000009659bff090
RSP=0x0000009659bff090, RBP=0x0000e00da23bfea2, RSI=0x000001d1e7d2b7e8, RDI=0x000001d1e7d2b7c0
R8 =0x0000000000010002, R9 =0x0000e00da23bfea2, R10=0x000001d180000000, R11=0x000001d1e7dda1f0
R12=0x0000000000000001, R13=0x00007ff970e34360, R14=0x0000009659bff198, R15=0x000001d1e7d2b7c0
RIP=0x00007ff970e36a17, EFLAGS=0x0000000000010206


Register to memory mapping:

RAX=0x0 is null
RBX=0x000001d19ed0cc9a is a global jni handle
RCX=0x000001d19ecff6a0 points into unknown readable memory: 0x00007ff93b216700 | 00 67 21 3b f9 7f 00 00
RDX=0x0000009659bff090 points into unknown readable memory: 0x0000000000000000 | 00 00 00 00 00 00 00 00
RSP=0x0000009659bff090 points into unknown readable memory: 0x0000000000000000 | 00 00 00 00 00 00 00 00
RBP=0x0000e00da23bfea2 is an unknown value
RSI=0x000001d1e7d2b7e8 points into unknown readable memory: 0x0000e00da23bfea2 | a2 fe 3b a2 0d e0 00 00
RDI=0x000001d1e7d2b7c0 points into unknown readable memory: 0xc38c19eda23a0147 | 47 01 3a a2 ed 19 8c c3
R8 =0x0000000000010002 is an unknown value
R9 =0x0000e00da23bfea2 is an unknown value
R10=0x000001d180000000 points into unknown readable memory: 0x0000000000000000 | 00 00 00 00 00 00 00 00
R11=0x000001d1e7dda1f0 points into unknown readable memory: 0x0000000000000000 | 00 00 00 00 00 00 00 00
R12=0x0000000000000001 is an unknown value
R13=0x00007ff970e34360 glass.dll
R14=0x0000009659bff198 points into unknown readable memory: 0x0000009659bff180 | 80 f1 bf 59 96 00 00 00
R15=0x000001d1e7d2b7c0 points into unknown readable memory: 0xc38c19eda23a0147 | 47 01 3a a2 ed 19 8c c3

Top of Stack: (sp=0x0000009659bff090)
0x0000009659bff090:   0000000000000000 000001d100000000
0x0000009659bff0a0:   000001d1e7dd99e0 0000000000000001
0x0000009659bff0b0:   000001d1e7d2b7c8 00007ff9b6b5bc75
0x0000009659bff0c0:   000001d1e7d2b7c0 000001d100000000
0x0000009659bff0d0:   000001d1e7d2b7e0 0000e00da23bfea2
0x0000009659bff0e0:   fffffffffffffffe 00007ff98df20000
0x0000009659bff0f0:   00007ff970e10000 00007ff970e10000
0x0000009659bff100:   0000009659bff188 00007ff9b6b5b897
0x0000009659bff110:   0000009659bff100 0000009659bff198
0x0000009659bff120:   0000009659bff480 00007ff9b6c488c0
0x0000009659bff130:   0000000000000001 00007ff9b6b5b84d
0x0000009659bff140:   0000000000000000 0000000000000001
0x0000009659bff150:   0000009659bff480 0000009659bff188
0x0000009659bff160:   fffffffffffffffe 00007ff9b9926003
0x0000009659bff170:   0000000000000000 00007ff970e341ed
0x0000009659bff180:   00007ff970e4a008 0000009600000002
0x0000009659bff190:   00007ff900000002 0000009659bff180
0x0000009659bff1a0:   0000000000000000 00007ff9b6145e37
0x0000009659bff1b0:   0000000000000000 00007ff970e34312
0x0000009659bff1c0:   0000000000000001 0000000000000000
0x0000009659bff1d0:   0000000000000001 00007ff9b9954f8f
0x0000009659bff1e0:   00007ff9b6140000 0000009659bff480
0x0000009659bff1f0:   0000000000000001 0000000000000000
0x0000009659bff200:   0000000000000000 000000007ffe0384
0x0000009659bff210:   000001d1e7a2d9c0 00007ff9b9a40ede
0x0000009659bff220:   00007ff970e10000 000001d100000000
0x0000009659bff230:   0000000000000001 000000007ffe0385
0x0000009659bff240:   00007ff970e375a0 00007ff9b995483e
0x0000009659bff250:   0000000000000000 0000000000000000
0x0000009659bff260:   0000000000000000 0000000000000000
0x0000009659bff270:   0000000000000000 0000000000000000
0x0000009659bff280:   0000000000000000 0000000000000000 

Instructions: (pc=0x00007ff970e36a17)
0x00007ff970e36917:   8b 4d 58 e8 8d cf ff ff 48 8b 4d 60 e8 84 cf ff
0x00007ff970e36927:   ff 48 8b 95 80 00 00 00 48 8b 8d 18 01 00 00 e8
0x00007ff970e36937:   76 c4 ff ff 33 d2 33 c9 e8 cc e1 ff ff 90 48 89
0x00007ff970e36947:   54 24 10 55 48 83 ec 20 48 8b ea 48 b8 00 00 00
0x00007ff970e36957:   00 00 00 00 00 48 83 c4 20 5d c3 cc 40 55 48 8b
0x00007ff970e36967:   ea 48 8b 01 33 c9 81 38 05 00 00 c0 0f 94 c1 8b
0x00007ff970e36977:   c1 5d c3 cc 40 55 48 83 ec 20 48 8b ea 8a 4d 40
0x00007ff970e36987:   48 83 c4 20 5d e9 73 d3 ff ff cc 40 55 48 83 ec
0x00007ff970e36997:   20 48 8b ea 8a 4d 20 e8 61 d3 ff ff 90 48 83 c4
0x00007ff970e369a7:   20 5d c3 cc 40 55 48 83 ec 20 48 8b ea 48 83 c4
0x00007ff970e369b7:   20 5d e9 c2 d1 ff ff cc 40 55 48 83 ec 30 48 8b
0x00007ff970e369c7:   ea 48 8b 01 8b 10 48 89 4c 24 28 89 54 24 20 4c
0x00007ff970e369d7:   8d 0d 63 d6 ff ff 4c 8b 45 70 8b 55 68 48 8b 4d
0x00007ff970e369e7:   60 e8 03 d1 ff ff 90 48 83 c4 30 5d c3 cc cc cc
0x00007ff970e369f7:   cc cc cc cc cc cc cc cc cc 40 53 48 83 ec 20 48
0x00007ff970e36a07:   8b 1d fb 2f 01 00 48 85 db 74 16 e8 89 8f ff ff
0x00007ff970e36a17:   4c 8b 00 48 8b d3 48 8b c8 41 ff 90 b0 00 00 00
0x00007ff970e36a27:   90 48 83 c4 20 5b c3 cc cc 40 53 48 83 ec 20 48
0x00007ff970e36a37:   8b 1d 6b 31 01 00 48 85 db 74 57 b8 ff ff ff ff
0x00007ff970e36a47:   f0 0f c1 43 10 83 f8 01 75 3d 48 85 db 74 38 48
0x00007ff970e36a57:   8b 0b 48 85 c9 74 0d ff 15 44 08 00 00 48 c7 03
0x00007ff970e36a67:   00 00 00 00 48 8b 4b 08 48 85 c9 74 0d e8 33 ce
0x00007ff970e36a77:   ff ff 48 c7 43 08 00 00 00 00 ba 18 00 00 00 48
0x00007ff970e36a87:   8b cb e8 1e ce ff ff 48 c7 05 0f 31 01 00 00 00
0x00007ff970e36a97:   00 00 48 83 c4 20 5b c3 cc 40 53 48 83 ec 20 48
0x00007ff970e36aa7:   8b 1d db 30 01 00 48 85 db 74 57 b8 ff ff ff ff
0x00007ff970e36ab7:   f0 0f c1 43 10 83 f8 01 75 3d 48 85 db 74 38 48
0x00007ff970e36ac7:   8b 0b 48 85 c9 74 0d ff 15 d4 07 00 00 48 c7 03
0x00007ff970e36ad7:   00 00 00 00 48 8b 4b 08 48 85 c9 74 0d e8 c3 cd
0x00007ff970e36ae7:   ff ff 48 c7 43 08 00 00 00 00 ba 18 00 00 00 48
0x00007ff970e36af7:   8b cb e8 ae cd ff ff 48 c7 05 7f 30 01 00 00 00
0x00007ff970e36b07:   00 00 48 83 c4 20 5b c3 cc 40 53 48 83 ec 20 48 


Stack slot to memory mapping:

stack at sp + 0 slots: 0x0 is null
stack at sp + 1 slots: 0x000001d100000000 is an unknown value
stack at sp + 2 slots: 0x000001d1e7dd99e0 points into unknown readable memory: 0x000001d1e7dd9650 | 50 96 dd e7 d1 01 00 00
stack at sp + 3 slots: 0x0000000000000001 is an unknown value
stack at sp + 4 slots: 0x000001d1e7d2b7c8 points into unknown readable memory: 0x0000e00da23bfea2 | a2 fe 3b a2 0d e0 00 00
stack at sp + 5 slots: 0x00007ff9b6b5bc75 ucrtbase.dll
stack at sp + 6 slots: 0x000001d1e7d2b7c0 points into unknown readable memory: 0xc38c19eda23a0147 | 47 01 3a a2 ed 19 8c c3
stack at sp + 7 slots: 0x000001d100000000 is an unknown value

VM_Operation (0x000000965c3ff490): Exit, mode: safepoint, requested by thread 0x000001d1e82c6ce0


---------------  P R O C E S S  ---------------

Threads class SMR info:
_java_thread_list=0x000001d1e77c0430, length=22, elements={
0x000001d1fff3d540, 0x000001d19ed1bfa0, 0x000001d19ed1cbf0, 0x000001d19ed26ca0,
0x000001d19ed27b80, 0x000001d19ed29d80, 0x000001d19ed2b0a0, 0x000001d19ed2e710,
0x000001d1a1a73d70, 0x000001d19ecefc40, 0x000001d1e74725a0, 0x000001d1e7169c10,
0x000001d1e70dad60, 0x000001d1e7dcf360, 0x000001d1e7dd3cc0, 0x000001d1e7fa8e50,
0x000001d1e7fa94b0, 0x000001d1e82c6650, 0x000001d1e82c8090, 0x000001d1e82c8db0,
0x000001d1e82c7a00, 0x000001d1e82c6ce0
}

Java Threads: ( => current thread )
  0x000001d1fff3d540 JavaThread "main"                              [_thread_blocked, id=4012, stack(0x0000009659400000,0x0000009659500000) (1024K)]
  0x000001d19ed1bfa0 JavaThread "Reference Handler"          daemon [_thread_blocked, id=3144, stack(0x0000009659c00000,0x0000009659d00000) (1024K)]
  0x000001d19ed1cbf0 JavaThread "Finalizer"                  daemon [_thread_blocked, id=14636, stack(0x0000009659d00000,0x0000009659e00000) (1024K)]
  0x000001d19ed26ca0 JavaThread "Signal Dispatcher"          daemon [_thread_blocked, id=15304, stack(0x0000009659e00000,0x0000009659f00000) (1024K)]
  0x000001d19ed27b80 JavaThread "Attach Listener"            daemon [_thread_blocked, id=16500, stack(0x0000009659f00000,0x000000965a000000) (1024K)]
  0x000001d19ed29d80 JavaThread "Service Thread"             daemon [_thread_blocked, id=8820, stack(0x000000965a000000,0x000000965a100000) (1024K)]
  0x000001d19ed2b0a0 JavaThread "Monitor Deflation Thread"   daemon [_thread_blocked, id=804, stack(0x000000965a100000,0x000000965a200000) (1024K)]
  0x000001d19ed2e710 JavaThread "C2 CompilerThread0"         daemon [_thread_blocked, id=2340, stack(0x000000965a200000,0x000000965a300000) (1024K)]
  0x000001d1a1a73d70 JavaThread "C1 CompilerThread0"         daemon [_thread_blocked, id=12528, stack(0x000000965a300000,0x000000965a400000) (1024K)]
  0x000001d19ecefc40 JavaThread "Common-Cleaner"             daemon [_thread_blocked, id=14792, stack(0x000000965a400000,0x000000965a500000) (1024K)]
  0x000001d1e74725a0 JavaThread "Monitor Ctrl-Break"         daemon [_thread_in_native, id=15612, stack(0x000000965a700000,0x000000965a800000) (1024K)]
  0x000001d1e7169c10 JavaThread "Notification Thread"        daemon [_thread_blocked, id=3752, stack(0x000000965a800000,0x000000965a900000) (1024K)]
  0x000001d1e70dad60 JavaThread "QuantumRenderer-0"          daemon [_thread_blocked, id=14752, stack(0x000000965ad00000,0x000000965ae00000) (1024K)]
  0x000001d1e7dcf360 JavaThread "InvokeLaterDispatcher"      daemon [_thread_blocked, id=11016, stack(0x000000965a500000,0x000000965a600000) (1024K)]
  0x000001d1e7dd3cc0 JavaThread "JavaFX Application Thread"         [_thread_in_native, id=7484, stack(0x000000965b200000,0x000000965b300000) (1024K)]
  0x000001d1e7fa8e50 JavaThread "JavaFX-Launcher"                   [_thread_blocked, id=2628, stack(0x000000965b500000,0x000000965b600000) (1024K)]
  0x000001d1e7fa94b0 JavaThread "Thread-2"                   daemon [_thread_in_native, id=13512, stack(0x000000965b400000,0x000000965b500000) (1024K)]
  0x000001d1e82c6650 JavaThread "mysql-cj-abandoned-connection-cleanup" daemon [_thread_blocked, id=8020, stack(0x000000965b600000,0x000000965b700000) (1024K)]
  0x000001d1e82c8090 JavaThread "Hibernate Connection Pool Validation Thread" daemon [_thread_blocked, id=13368, stack(0x000000965bd00000,0x000000965be00000) (1024K)]
  0x000001d1e82c8db0 JavaThread "Prism Font Disposer"        daemon [_thread_blocked, id=13372, stack(0x000000965c200000,0x000000965c300000) (1024K)]
  0x000001d1e82c7a00 JavaThread "Cleaner-0"                  daemon [_thread_blocked, id=16328, stack(0x000000965bb00000,0x000000965bc00000) (1024K)]
  0x000001d1e82c6ce0 JavaThread "SIGINT handler"             daemon [_thread_blocked, id=16308, stack(0x000000965c300000,0x000000965c400000) (1024K)]
Total: 22

Other Threads:
=>0x000001d19ecff6a0 VMThread "VM Thread"                           [id=7988, stack(0x0000009659b00000,0x0000009659c00000) (1024K)]
  0x000001d181aadb10 WorkerThread "GC Thread#0"                     [id=3080, stack(0x0000009659500000,0x0000009659600000) (1024K)]
  0x000001d1e74e3530 WorkerThread "GC Thread#1"                     [id=14820, stack(0x000000965a600000,0x000000965a700000) (1024K)]
  0x000001d1e74e38d0 WorkerThread "GC Thread#2"                     [id=13964, stack(0x000000965a900000,0x000000965aa00000) (1024K)]
  0x000001d1e77c9390 WorkerThread "GC Thread#3"                     [id=6768, stack(0x000000965aa00000,0x000000965ab00000) (1024K)]
  0x000001d1e77c9730 WorkerThread "GC Thread#4"                     [id=9932, stack(0x000000965ab00000,0x000000965ac00000) (1024K)]
  0x000001d1e77c9ad0 WorkerThread "GC Thread#5"                     [id=4412, stack(0x000000965ac00000,0x000000965ad00000) (1024K)]
  0x000001d1e809fb20 WorkerThread "GC Thread#6"                     [id=14568, stack(0x000000965b700000,0x000000965b800000) (1024K)]
  0x000001d1e80a0260 WorkerThread "GC Thread#7"                     [id=14224, stack(0x000000965b800000,0x000000965b900000) (1024K)]
  0x000001d1e80a0d40 WorkerThread "GC Thread#8"                     [id=14184, stack(0x000000965b900000,0x000000965ba00000) (1024K)]
  0x000001d1e80a0600 WorkerThread "GC Thread#9"                     [id=16680, stack(0x000000965ba00000,0x000000965bb00000) (1024K)]
  0x000001d181afd010 ConcurrentGCThread "G1 Main Marker"            terminated
  0x000001d181afe2b0 WorkerThread "G1 Conc#0"                       [id=16036, stack(0x0000009659700000,0x0000009659800000) (1024K)]
  0x000001d1e809fec0 WorkerThread "G1 Conc#1"                       [id=11432, stack(0x000000965be00000,0x000000965bf00000) (1024K)]
  0x000001d1e80a09a0 WorkerThread "G1 Conc#2"                       [id=7820, stack(0x000000965bf00000,0x000000965c000000) (1024K)]
  0x000001d19ebbff50 ConcurrentGCThread "G1 Refine#0"               terminated
  0x000001d19ebc1970 ConcurrentGCThread "G1 Service"                terminated
Total: 17

Threads with active compile tasks:
C1 CompilerThread0    49567 7630       3       java.util.logging.Logger::updateEffectiveLevel (126 bytes)
Total: 1

VM state: at safepoint (shutting down)

VM Mutex/Monitor currently owned by a thread:  ([mutex/lock_event])
[0x00007ff93b3dde50] Threads_lock - owner thread: 0x000001d19ecff6a0
[0x00007ff93b3ddf50] Heap_lock - owner thread: 0x000001d1e82c6ce0

Heap address: 0x0000000704a00000, size: 4022 MB, Compressed Oops mode: Zero based, Oop shift amount: 3

CDS archive(s) mapped at: [0x000001d1a2000000-0x000001d1a2c90000-0x000001d1a2c90000), size 13172736, SharedBaseAddress: 0x000001d1a2000000, ArchiveRelocationMode: 1.
Compressed class space mapped at: 0x000001d1a3000000-0x000001d1e3000000, reserved size: 1073741824
Narrow klass base: 0x000001d1a2000000, Narrow klass shift: 0, Narrow klass range: 0x100000000

GC Precious Log:
 CardTable entry size: 512
 Card Set container configuration: InlinePtr #cards 4 size 8 Array Of Cards #cards 16 size 48 Howl #buckets 8 coarsen threshold 3686 Howl Bitmap #cards 512 size 80 coarsen threshold 460 Card regions per heap region 1 cards per card region 4096
 CPUs: 12 total, 12 available
 Memory: 16085M
 Large Page Support: Disabled
 NUMA Support: Disabled
 Compressed Oops: Enabled (Zero based)
 Heap Region Size: 2M
 Heap Min Capacity: 8M
 Heap Initial Capacity: 252M
 Heap Max Capacity: 4022M
 Pre-touch: Disabled
 Parallel Workers: 10
 Concurrent Workers: 3
 Concurrent Refinement Workers: 10
 Periodic GC: Disabled

Heap:
 garbage-first heap   total 694272K, used 244293K [0x0000000704a00000, 0x0000000800000000)
  region size 2048K, 10 young (20480K), 3 survivors (6144K)
 Metaspace       used 51857K, committed 52352K, reserved 1114112K
  class space    used 7172K, committed 7360K, reserved 1048576K

Heap Regions: E=young(eden), S=young(survivor), O=old, HS=humongous(starts), HC=humongous(continues), CS=collection set, F=free, TAMS=top-at-mark-start, PB=parsable bottom
|   0|0x0000000704a00000, 0x0000000704c00000, 0x0000000704c00000|100%|HS|  |TAMS 0x0000000704a00000| PB 0x0000000704a00000| Complete 
|   1|0x0000000704c00000, 0x0000000704e00000, 0x0000000704e00000|100%| O|  |TAMS 0x0000000704c00000| PB 0x0000000704c00000| Untracked 
|   2|0x0000000704e00000, 0x0000000705000000, 0x0000000705000000|100%| O|  |TAMS 0x0000000704e00000| PB 0x0000000704e00000| Untracked 
|   3|0x0000000705000000, 0x0000000705200000, 0x0000000705200000|100%| O|  |TAMS 0x0000000705000000| PB 0x0000000705000000| Untracked 
|   4|0x0000000705200000, 0x0000000705400000, 0x0000000705400000|100%| O|  |TAMS 0x0000000705200000| PB 0x0000000705200000| Untracked 
|   5|0x0000000705400000, 0x0000000705600000, 0x0000000705600000|100%| O|  |TAMS 0x0000000705400000| PB 0x0000000705400000| Untracked 
|   6|0x0000000705600000, 0x0000000705800000, 0x0000000705800000|100%|HS|  |TAMS 0x0000000705600000| PB 0x0000000705600000| Complete 
|   7|0x0000000705800000, 0x0000000705a00000, 0x0000000705a00000|100%|HC|  |TAMS 0x0000000705800000| PB 0x0000000705800000| Complete 
|   8|0x0000000705a00000, 0x0000000705c00000, 0x0000000705c00000|100%|HC|  |TAMS 0x0000000705a00000| PB 0x0000000705a00000| Complete 
|   9|0x0000000705c00000, 0x0000000705e00000, 0x0000000705e00000|100%|HC|  |TAMS 0x0000000705c00000| PB 0x0000000705c00000| Complete 
|  10|0x0000000705e00000, 0x0000000706000000, 0x0000000706000000|100%|HC|  |TAMS 0x0000000705e00000| PB 0x0000000705e00000| Complete 
|  11|0x0000000706000000, 0x0000000706200000, 0x0000000706200000|100%|HC|  |TAMS 0x0000000706000000| PB 0x0000000706000000| Complete 
|  12|0x0000000706200000, 0x0000000706400000, 0x0000000706400000|100%|HC|  |TAMS 0x0000000706200000| PB 0x0000000706200000| Complete 
|  13|0x0000000706400000, 0x0000000706600000, 0x0000000706600000|100%|HC|  |TAMS 0x0000000706400000| PB 0x0000000706400000| Complete 
|  14|0x0000000706600000, 0x0000000706800000, 0x0000000706800000|100%|HC|  |TAMS 0x0000000706600000| PB 0x0000000706600000| Complete 
|  15|0x0000000706800000, 0x0000000706a00000, 0x0000000706a00000|100%|HC|  |TAMS 0x0000000706800000| PB 0x0000000706800000| Complete 
|  16|0x0000000706a00000, 0x0000000706c00000, 0x0000000706c00000|100%|HC|  |TAMS 0x0000000706a00000| PB 0x0000000706a00000| Complete 
|  17|0x0000000706c00000, 0x0000000706e00000, 0x0000000706e00000|100%|HC|  |TAMS 0x0000000706c00000| PB 0x0000000706c00000| Complete 
|  18|0x0000000706e00000, 0x0000000707000000, 0x0000000707000000|100%|HC|  |TAMS 0x0000000706e00000| PB 0x0000000706e00000| Complete 
|  19|0x0000000707000000, 0x0000000707200000, 0x0000000707200000|100%|HC|  |TAMS 0x0000000707000000| PB 0x0000000707000000| Complete 
|  20|0x0000000707200000, 0x0000000707400000, 0x0000000707400000|100%|HC|  |TAMS 0x0000000707200000| PB 0x0000000707200000| Complete 
|  21|0x0000000707400000, 0x0000000707600000, 0x0000000707600000|100%|HC|  |TAMS 0x0000000707400000| PB 0x0000000707400000| Complete 
|  22|0x0000000707600000, 0x0000000707800000, 0x0000000707800000|100%|HC|  |TAMS 0x0000000707600000| PB 0x0000000707600000| Complete 
|  23|0x0000000707800000, 0x0000000707a00000, 0x0000000707a00000|100%|HC|  |TAMS 0x0000000707800000| PB 0x0000000707800000| Complete 
|  24|0x0000000707a00000, 0x0000000707c00000, 0x0000000707c00000|100%|HC|  |TAMS 0x0000000707a00000| PB 0x0000000707a00000| Complete 
|  25|0x0000000707c00000, 0x0000000707e00000, 0x0000000707e00000|100%|HC|  |TAMS 0x0000000707c00000| PB 0x0000000707c00000| Complete 
|  26|0x0000000707e00000, 0x0000000708000000, 0x0000000708000000|100%|HC|  |TAMS 0x0000000707e00000| PB 0x0000000707e00000| Complete 
|  27|0x0000000708000000, 0x0000000708200000, 0x0000000708200000|100%|HC|  |TAMS 0x0000000708000000| PB 0x0000000708000000| Complete 
|  28|0x0000000708200000, 0x0000000708400000, 0x0000000708400000|100%|HC|  |TAMS 0x0000000708200000| PB 0x0000000708200000| Complete 
|  29|0x0000000708400000, 0x0000000708600000, 0x0000000708600000|100%|HC|  |TAMS 0x0000000708400000| PB 0x0000000708400000| Complete 
|  30|0x0000000708600000, 0x0000000708800000, 0x0000000708800000|100%|HC|  |TAMS 0x0000000708600000| PB 0x0000000708600000| Complete 
|  31|0x0000000708800000, 0x0000000708a00000, 0x0000000708a00000|100%|HC|  |TAMS 0x0000000708800000| PB 0x0000000708800000| Complete 
|  32|0x0000000708a00000, 0x0000000708c00000, 0x0000000708c00000|100%|HC|  |TAMS 0x0000000708a00000| PB 0x0000000708a00000| Complete 
|  33|0x0000000708c00000, 0x0000000708e00000, 0x0000000708e00000|100%|HS|  |TAMS 0x0000000708c00000| PB 0x0000000708c00000| Complete 
|  34|0x0000000708e00000, 0x0000000709000000, 0x0000000709000000|100%|HC|  |TAMS 0x0000000708e00000| PB 0x0000000708e00000| Complete 
|  35|0x0000000709000000, 0x0000000709200000, 0x0000000709200000|100%|HC|  |TAMS 0x0000000709000000| PB 0x0000000709000000| Complete 
|  36|0x0000000709200000, 0x0000000709400000, 0x0000000709400000|100%|HC|  |TAMS 0x0000000709200000| PB 0x0000000709200000| Complete 
|  37|0x0000000709400000, 0x0000000709600000, 0x0000000709600000|100%|HC|  |TAMS 0x0000000709400000| PB 0x0000000709400000| Complete 
|  38|0x0000000709600000, 0x0000000709800000, 0x0000000709800000|100%|HC|  |TAMS 0x0000000709600000| PB 0x0000000709600000| Complete 
|  39|0x0000000709800000, 0x0000000709a00000, 0x0000000709a00000|100%|HC|  |TAMS 0x0000000709800000| PB 0x0000000709800000| Complete 
|  40|0x0000000709a00000, 0x0000000709c00000, 0x0000000709c00000|100%|HC|  |TAMS 0x0000000709a00000| PB 0x0000000709a00000| Complete 
|  41|0x0000000709c00000, 0x0000000709e00000, 0x0000000709e00000|100%|HC|  |TAMS 0x0000000709c00000| PB 0x0000000709c00000| Complete 
|  42|0x0000000709e00000, 0x000000070a000000, 0x000000070a000000|100%|HC|  |TAMS 0x0000000709e00000| PB 0x0000000709e00000| Complete 
|  43|0x000000070a000000, 0x000000070a200000, 0x000000070a200000|100%| O|  |TAMS 0x000000070a000000| PB 0x000000070a000000| Untracked 
|  44|0x000000070a200000, 0x000000070a400000, 0x000000070a400000|100%|HS|  |TAMS 0x000000070a200000| PB 0x000000070a200000| Complete 
|  45|0x000000070a400000, 0x000000070a600000, 0x000000070a600000|100%| O|  |TAMS 0x000000070a400000| PB 0x000000070a400000| Untracked 
|  46|0x000000070a600000, 0x000000070a800000, 0x000000070a800000|100%|HS|  |TAMS 0x000000070a600000| PB 0x000000070a600000| Complete 
|  47|0x000000070a800000, 0x000000070aa00000, 0x000000070aa00000|100%|HS|  |TAMS 0x000000070a800000| PB 0x000000070a800000| Complete 
|  48|0x000000070aa00000, 0x000000070ac00000, 0x000000070ac00000|100%|HS|  |TAMS 0x000000070aa00000| PB 0x000000070aa00000| Complete 
|  49|0x000000070ac00000, 0x000000070ae00000, 0x000000070ae00000|100%|HS|  |TAMS 0x000000070ac00000| PB 0x000000070ac00000| Complete 
|  50|0x000000070ae00000, 0x000000070b000000, 0x000000070b000000|100%|HS|  |TAMS 0x000000070ae00000| PB 0x000000070ae00000| Complete 
|  51|0x000000070b000000, 0x000000070b200000, 0x000000070b200000|100%|HS|  |TAMS 0x000000070b000000| PB 0x000000070b000000| Complete 
|  52|0x000000070b200000, 0x000000070b400000, 0x000000070b400000|100%|HS|  |TAMS 0x000000070b200000| PB 0x000000070b200000| Complete 
|  53|0x000000070b400000, 0x000000070b600000, 0x000000070b600000|100%|HC|  |TAMS 0x000000070b400000| PB 0x000000070b400000| Complete 
|  54|0x000000070b600000, 0x000000070b800000, 0x000000070b800000|100%|HS|  |TAMS 0x000000070b600000| PB 0x000000070b600000| Complete 
|  55|0x000000070b800000, 0x000000070ba00000, 0x000000070ba00000|100%|HS|  |TAMS 0x000000070b800000| PB 0x000000070b800000| Complete 
|  56|0x000000070ba00000, 0x000000070bc00000, 0x000000070bc00000|100%|HS|  |TAMS 0x000000070ba00000| PB 0x000000070ba00000| Complete 
|  57|0x000000070bc00000, 0x000000070be00000, 0x000000070be00000|100%|HS|  |TAMS 0x000000070bc00000| PB 0x000000070bc00000| Complete 
|  58|0x000000070be00000, 0x000000070c000000, 0x000000070c000000|100%|HS|  |TAMS 0x000000070be00000| PB 0x000000070be00000| Complete 
|  59|0x000000070c000000, 0x000000070c200000, 0x000000070c200000|100%|HC|  |TAMS 0x000000070c000000| PB 0x000000070c000000| Complete 
|  60|0x000000070c200000, 0x000000070c400000, 0x000000070c400000|100%|HC|  |TAMS 0x000000070c200000| PB 0x000000070c200000| Complete 
|  61|0x000000070c400000, 0x000000070c600000, 0x000000070c600000|100%|HC|  |TAMS 0x000000070c400000| PB 0x000000070c400000| Complete 
|  62|0x000000070c600000, 0x000000070c800000, 0x000000070c800000|100%|HC|  |TAMS 0x000000070c600000| PB 0x000000070c600000| Complete 
|  63|0x000000070c800000, 0x000000070ca00000, 0x000000070ca00000|100%|HC|  |TAMS 0x000000070c800000| PB 0x000000070c800000| Complete 
|  64|0x000000070ca00000, 0x000000070cc00000, 0x000000070cc00000|100%|HC|  |TAMS 0x000000070ca00000| PB 0x000000070ca00000| Complete 
|  65|0x000000070cc00000, 0x000000070ce00000, 0x000000070ce00000|100%|HC|  |TAMS 0x000000070cc00000| PB 0x000000070cc00000| Complete 
|  66|0x000000070ce00000, 0x000000070d000000, 0x000000070d000000|100%|HC|  |TAMS 0x000000070ce00000| PB 0x000000070ce00000| Complete 
|  67|0x000000070d000000, 0x000000070d200000, 0x000000070d200000|100%|HC|  |TAMS 0x000000070d000000| PB 0x000000070d000000| Complete 
|  68|0x000000070d200000, 0x000000070d400000, 0x000000070d400000|100%|HC|  |TAMS 0x000000070d200000| PB 0x000000070d200000| Complete 
|  69|0x000000070d400000, 0x000000070d600000, 0x000000070d600000|100%|HC|  |TAMS 0x000000070d400000| PB 0x000000070d400000| Complete 
|  70|0x000000070d600000, 0x000000070d800000, 0x000000070d800000|100%|HC|  |TAMS 0x000000070d600000| PB 0x000000070d600000| Complete 
|  71|0x000000070d800000, 0x000000070da00000, 0x000000070da00000|100%|HC|  |TAMS 0x000000070d800000| PB 0x000000070d800000| Complete 
|  72|0x000000070da00000, 0x000000070dc00000, 0x000000070dc00000|100%|HC|  |TAMS 0x000000070da00000| PB 0x000000070da00000| Complete 
|  73|0x000000070dc00000, 0x000000070de00000, 0x000000070de00000|100%|HC|  |TAMS 0x000000070dc00000| PB 0x000000070dc00000| Complete 
|  74|0x000000070de00000, 0x000000070e000000, 0x000000070e000000|100%|HC|  |TAMS 0x000000070de00000| PB 0x000000070de00000| Complete 
|  75|0x000000070e000000, 0x000000070e200000, 0x000000070e200000|100%|HC|  |TAMS 0x000000070e000000| PB 0x000000070e000000| Complete 
|  76|0x000000070e200000, 0x000000070e400000, 0x000000070e400000|100%|HC|  |TAMS 0x000000070e200000| PB 0x000000070e200000| Complete 
|  77|0x000000070e400000, 0x000000070e600000, 0x000000070e600000|100%|HC|  |TAMS 0x000000070e400000| PB 0x000000070e400000| Complete 
|  78|0x000000070e600000, 0x000000070e800000, 0x000000070e800000|100%|HC|  |TAMS 0x000000070e600000| PB 0x000000070e600000| Complete 
|  79|0x000000070e800000, 0x000000070ea00000, 0x000000070ea00000|100%|HC|  |TAMS 0x000000070e800000| PB 0x000000070e800000| Complete 
|  80|0x000000070ea00000, 0x000000070ec00000, 0x000000070ec00000|100%|HS|  |TAMS 0x000000070ea00000| PB 0x000000070ea00000| Complete 
|  81|0x000000070ec00000, 0x000000070ee00000, 0x000000070ee00000|100%|HS|  |TAMS 0x000000070ec00000| PB 0x000000070ec00000| Complete 
|  82|0x000000070ee00000, 0x000000070f000000, 0x000000070f000000|100%|HS|  |TAMS 0x000000070ee00000| PB 0x000000070ee00000| Complete 
|  83|0x000000070f000000, 0x000000070f200000, 0x000000070f200000|100%|HC|  |TAMS 0x000000070f000000| PB 0x000000070f000000| Complete 
|  84|0x000000070f200000, 0x000000070f400000, 0x000000070f400000|100%|HC|  |TAMS 0x000000070f200000| PB 0x000000070f200000| Complete 
|  85|0x000000070f400000, 0x000000070f600000, 0x000000070f600000|100%|HC|  |TAMS 0x000000070f400000| PB 0x000000070f400000| Complete 
|  86|0x000000070f600000, 0x000000070f800000, 0x000000070f800000|100%|HC|  |TAMS 0x000000070f600000| PB 0x000000070f600000| Complete 
|  87|0x000000070f800000, 0x000000070fa00000, 0x000000070fa00000|100%|HC|  |TAMS 0x000000070f800000| PB 0x000000070f800000| Complete 
|  88|0x000000070fa00000, 0x000000070fc00000, 0x000000070fc00000|100%|HC|  |TAMS 0x000000070fa00000| PB 0x000000070fa00000| Complete 
|  89|0x000000070fc00000, 0x000000070fe00000, 0x000000070fe00000|100%|HC|  |TAMS 0x000000070fc00000| PB 0x000000070fc00000| Complete 
|  90|0x000000070fe00000, 0x0000000710000000, 0x0000000710000000|100%|HC|  |TAMS 0x000000070fe00000| PB 0x000000070fe00000| Complete 
|  91|0x0000000710000000, 0x0000000710200000, 0x0000000710200000|100%|HC|  |TAMS 0x0000000710000000| PB 0x0000000710000000| Complete 
|  92|0x0000000710200000, 0x0000000710400000, 0x0000000710400000|100%|HC|  |TAMS 0x0000000710200000| PB 0x0000000710200000| Complete 
|  93|0x0000000710400000, 0x0000000710600000, 0x0000000710600000|100%|HC|  |TAMS 0x0000000710400000| PB 0x0000000710400000| Complete 
|  94|0x0000000710600000, 0x0000000710800000, 0x0000000710800000|100%|HC|  |TAMS 0x0000000710600000| PB 0x0000000710600000| Complete 
|  95|0x0000000710800000, 0x0000000710a00000, 0x0000000710a00000|100%|HC|  |TAMS 0x0000000710800000| PB 0x0000000710800000| Complete 
|  96|0x0000000710a00000, 0x0000000710c00000, 0x0000000710c00000|100%|HC|  |TAMS 0x0000000710a00000| PB 0x0000000710a00000| Complete 
|  97|0x0000000710c00000, 0x0000000710e00000, 0x0000000710e00000|100%|HC|  |TAMS 0x0000000710c00000| PB 0x0000000710c00000| Complete 
|  98|0x0000000710e00000, 0x0000000711000000, 0x0000000711000000|100%|HC|  |TAMS 0x0000000710e00000| PB 0x0000000710e00000| Complete 
|  99|0x0000000711000000, 0x0000000711200000, 0x0000000711200000|100%|HC|  |TAMS 0x0000000711000000| PB 0x0000000711000000| Complete 
| 100|0x0000000711200000, 0x0000000711400000, 0x0000000711400000|100%|HC|  |TAMS 0x0000000711200000| PB 0x0000000711200000| Complete 
| 101|0x0000000711400000, 0x0000000711600000, 0x0000000711600000|100%|HC|  |TAMS 0x0000000711400000| PB 0x0000000711400000| Complete 
| 102|0x0000000711600000, 0x0000000711800000, 0x0000000711800000|100%|HC|  |TAMS 0x0000000711600000| PB 0x0000000711600000| Complete 
| 103|0x0000000711800000, 0x0000000711a00000, 0x0000000711a00000|100%|HC|  |TAMS 0x0000000711800000| PB 0x0000000711800000| Complete 
| 104|0x0000000711a00000, 0x0000000711c00000, 0x0000000711c00000|100%| O|  |TAMS 0x0000000711a00000| PB 0x0000000711a00000| Untracked 
| 105|0x0000000711c00000, 0x0000000711e00000, 0x0000000711e00000|100%|HS|  |TAMS 0x0000000711c00000| PB 0x0000000711c00000| Complete 
| 106|0x0000000711e00000, 0x0000000712000000, 0x0000000712000000|100%|HC|  |TAMS 0x0000000711e00000| PB 0x0000000711e00000| Complete 
| 107|0x0000000712000000, 0x0000000712200000, 0x0000000712200000|100%| O|  |TAMS 0x0000000712000000| PB 0x0000000712000000| Untracked 
| 108|0x0000000712200000, 0x00000007123430c0, 0x0000000712400000| 63%| O|  |TAMS 0x0000000712200000| PB 0x0000000712200000| Untracked 
| 109|0x0000000712400000, 0x0000000712600000, 0x0000000712600000|100%|HS|  |TAMS 0x0000000712400000| PB 0x0000000712400000| Complete 
| 110|0x0000000712600000, 0x0000000712800000, 0x0000000712800000|100%|HC|  |TAMS 0x0000000712600000| PB 0x0000000712600000| Complete 
| 111|0x0000000712800000, 0x0000000712800000, 0x0000000712a00000|  0%| F|  |TAMS 0x0000000712800000| PB 0x0000000712800000| Untracked 
| 112|0x0000000712a00000, 0x0000000712a00000, 0x0000000712c00000|  0%| F|  |TAMS 0x0000000712a00000| PB 0x0000000712a00000| Untracked 
| 113|0x0000000712c00000, 0x0000000712c00000, 0x0000000712e00000|  0%| F|  |TAMS 0x0000000712c00000| PB 0x0000000712c00000| Untracked 
| 114|0x0000000712e00000, 0x0000000712e00000, 0x0000000713000000|  0%| F|  |TAMS 0x0000000712e00000| PB 0x0000000712e00000| Untracked 
| 115|0x0000000713000000, 0x0000000713000000, 0x0000000713200000|  0%| F|  |TAMS 0x0000000713000000| PB 0x0000000713000000| Untracked 
| 116|0x0000000713200000, 0x0000000713200000, 0x0000000713400000|  0%| F|  |TAMS 0x0000000713200000| PB 0x0000000713200000| Untracked 
| 117|0x0000000713400000, 0x0000000713400000, 0x0000000713600000|  0%| F|  |TAMS 0x0000000713400000| PB 0x0000000713400000| Untracked 
| 118|0x0000000713600000, 0x0000000713600000, 0x0000000713800000|  0%| F|  |TAMS 0x0000000713600000| PB 0x0000000713600000| Untracked 
| 119|0x0000000713800000, 0x0000000713800000, 0x0000000713a00000|  0%| F|  |TAMS 0x0000000713800000| PB 0x0000000713800000| Untracked 
| 120|0x0000000713a00000, 0x0000000713a00000, 0x0000000713c00000|  0%| F|  |TAMS 0x0000000713a00000| PB 0x0000000713a00000| Untracked 
| 121|0x0000000713c00000, 0x0000000713c00000, 0x0000000713e00000|  0%| F|  |TAMS 0x0000000713c00000| PB 0x0000000713c00000| Untracked 
| 122|0x0000000713e00000, 0x0000000713e00000, 0x0000000714000000|  0%| F|  |TAMS 0x0000000713e00000| PB 0x0000000713e00000| Untracked 
| 123|0x0000000714000000, 0x0000000714000000, 0x0000000714200000|  0%| F|  |TAMS 0x0000000714000000| PB 0x0000000714000000| Untracked 
| 124|0x0000000714200000, 0x0000000714200000, 0x0000000714400000|  0%| F|  |TAMS 0x0000000714200000| PB 0x0000000714200000| Untracked 
| 125|0x0000000714400000, 0x0000000714400000, 0x0000000714600000|  0%| F|  |TAMS 0x0000000714400000| PB 0x0000000714400000| Untracked 
| 126|0x0000000714600000, 0x0000000714600000, 0x0000000714800000|  0%| F|  |TAMS 0x0000000714600000| PB 0x0000000714600000| Untracked 
| 127|0x0000000714800000, 0x0000000714800000, 0x0000000714a00000|  0%| F|  |TAMS 0x0000000714800000| PB 0x0000000714800000| Untracked 
| 128|0x0000000714a00000, 0x0000000714a00000, 0x0000000714c00000|  0%| F|  |TAMS 0x0000000714a00000| PB 0x0000000714a00000| Untracked 
| 129|0x0000000714c00000, 0x0000000714c00000, 0x0000000714e00000|  0%| F|  |TAMS 0x0000000714c00000| PB 0x0000000714c00000| Untracked 
| 130|0x0000000714e00000, 0x0000000714e00000, 0x0000000715000000|  0%| F|  |TAMS 0x0000000714e00000| PB 0x0000000714e00000| Untracked 
| 131|0x0000000715000000, 0x0000000715000000, 0x0000000715200000|  0%| F|  |TAMS 0x0000000715000000| PB 0x0000000715000000| Untracked 
| 132|0x0000000715200000, 0x0000000715200000, 0x0000000715400000|  0%| F|  |TAMS 0x0000000715200000| PB 0x0000000715200000| Untracked 
| 133|0x0000000715400000, 0x0000000715400000, 0x0000000715600000|  0%| F|  |TAMS 0x0000000715400000| PB 0x0000000715400000| Untracked 
| 134|0x0000000715600000, 0x0000000715600000, 0x0000000715800000|  0%| F|  |TAMS 0x0000000715600000| PB 0x0000000715600000| Untracked 
| 135|0x0000000715800000, 0x0000000715800000, 0x0000000715a00000|  0%| F|  |TAMS 0x0000000715800000| PB 0x0000000715800000| Untracked 
| 136|0x0000000715a00000, 0x0000000715a00000, 0x0000000715c00000|  0%| F|  |TAMS 0x0000000715a00000| PB 0x0000000715a00000| Untracked 
| 137|0x0000000715c00000, 0x0000000715c00000, 0x0000000715e00000|  0%| F|  |TAMS 0x0000000715c00000| PB 0x0000000715c00000| Untracked 
| 138|0x0000000715e00000, 0x0000000715e00000, 0x0000000716000000|  0%| F|  |TAMS 0x0000000715e00000| PB 0x0000000715e00000| Untracked 
| 139|0x0000000716000000, 0x0000000716000000, 0x0000000716200000|  0%| F|  |TAMS 0x0000000716000000| PB 0x0000000716000000| Untracked 
| 140|0x0000000716200000, 0x0000000716200000, 0x0000000716400000|  0%| F|  |TAMS 0x0000000716200000| PB 0x0000000716200000| Untracked 
| 141|0x0000000716400000, 0x0000000716400000, 0x0000000716600000|  0%| F|  |TAMS 0x0000000716400000| PB 0x0000000716400000| Untracked 
| 142|0x0000000716600000, 0x0000000716600000, 0x0000000716800000|  0%| F|  |TAMS 0x0000000716600000| PB 0x0000000716600000| Untracked 
| 143|0x0000000716800000, 0x0000000716800000, 0x0000000716a00000|  0%| F|  |TAMS 0x0000000716800000| PB 0x0000000716800000| Untracked 
| 144|0x0000000716a00000, 0x0000000716a00000, 0x0000000716c00000|  0%| F|  |TAMS 0x0000000716a00000| PB 0x0000000716a00000| Untracked 
| 145|0x0000000716c00000, 0x0000000716c00000, 0x0000000716e00000|  0%| F|  |TAMS 0x0000000716c00000| PB 0x0000000716c00000| Untracked 
| 146|0x0000000716e00000, 0x0000000716e00000, 0x0000000717000000|  0%| F|  |TAMS 0x0000000716e00000| PB 0x0000000716e00000| Untracked 
| 147|0x0000000717000000, 0x0000000717000000, 0x0000000717200000|  0%| F|  |TAMS 0x0000000717000000| PB 0x0000000717000000| Untracked 
| 148|0x0000000717200000, 0x0000000717200000, 0x0000000717400000|  0%| F|  |TAMS 0x0000000717200000| PB 0x0000000717200000| Untracked 
| 149|0x0000000717400000, 0x0000000717400000, 0x0000000717600000|  0%| F|  |TAMS 0x0000000717400000| PB 0x0000000717400000| Untracked 
| 150|0x0000000717600000, 0x0000000717600000, 0x0000000717800000|  0%| F|  |TAMS 0x0000000717600000| PB 0x0000000717600000| Untracked 
| 151|0x0000000717800000, 0x0000000717800000, 0x0000000717a00000|  0%| F|  |TAMS 0x0000000717800000| PB 0x0000000717800000| Untracked 
| 152|0x0000000717a00000, 0x0000000717a00000, 0x0000000717c00000|  0%| F|  |TAMS 0x0000000717a00000| PB 0x0000000717a00000| Untracked 
| 153|0x0000000717c00000, 0x0000000717c00000, 0x0000000717e00000|  0%| F|  |TAMS 0x0000000717c00000| PB 0x0000000717c00000| Untracked 
| 154|0x0000000717e00000, 0x0000000717e00000, 0x0000000718000000|  0%| F|  |TAMS 0x0000000717e00000| PB 0x0000000717e00000| Untracked 
| 155|0x0000000718000000, 0x0000000718000000, 0x0000000718200000|  0%| F|  |TAMS 0x0000000718000000| PB 0x0000000718000000| Untracked 
| 156|0x0000000718200000, 0x0000000718200000, 0x0000000718400000|  0%| F|  |TAMS 0x0000000718200000| PB 0x0000000718200000| Untracked 
| 157|0x0000000718400000, 0x0000000718400000, 0x0000000718600000|  0%| F|  |TAMS 0x0000000718400000| PB 0x0000000718400000| Untracked 
| 158|0x0000000718600000, 0x0000000718600000, 0x0000000718800000|  0%| F|  |TAMS 0x0000000718600000| PB 0x0000000718600000| Untracked 
| 159|0x0000000718800000, 0x0000000718800000, 0x0000000718a00000|  0%| F|  |TAMS 0x0000000718800000| PB 0x0000000718800000| Untracked 
| 160|0x0000000718a00000, 0x0000000718a00000, 0x0000000718c00000|  0%| F|  |TAMS 0x0000000718a00000| PB 0x0000000718a00000| Untracked 
| 161|0x0000000718c00000, 0x0000000718c00000, 0x0000000718e00000|  0%| F|  |TAMS 0x0000000718c00000| PB 0x0000000718c00000| Untracked 
| 162|0x0000000718e00000, 0x0000000718e00000, 0x0000000719000000|  0%| F|  |TAMS 0x0000000718e00000| PB 0x0000000718e00000| Untracked 
| 163|0x0000000719000000, 0x0000000719000000, 0x0000000719200000|  0%| F|  |TAMS 0x0000000719000000| PB 0x0000000719000000| Untracked 
| 164|0x0000000719200000, 0x0000000719200000, 0x0000000719400000|  0%| F|  |TAMS 0x0000000719200000| PB 0x0000000719200000| Untracked 
| 165|0x0000000719400000, 0x0000000719400000, 0x0000000719600000|  0%| F|  |TAMS 0x0000000719400000| PB 0x0000000719400000| Untracked 
| 166|0x0000000719600000, 0x0000000719600000, 0x0000000719800000|  0%| F|  |TAMS 0x0000000719600000| PB 0x0000000719600000| Untracked 
| 167|0x0000000719800000, 0x0000000719800000, 0x0000000719a00000|  0%| F|  |TAMS 0x0000000719800000| PB 0x0000000719800000| Untracked 
| 168|0x0000000719a00000, 0x0000000719a00000, 0x0000000719c00000|  0%| F|  |TAMS 0x0000000719a00000| PB 0x0000000719a00000| Untracked 
| 169|0x0000000719c00000, 0x0000000719c00000, 0x0000000719e00000|  0%| F|  |TAMS 0x0000000719c00000| PB 0x0000000719c00000| Untracked 
| 170|0x0000000719e00000, 0x0000000719e00000, 0x000000071a000000|  0%| F|  |TAMS 0x0000000719e00000| PB 0x0000000719e00000| Untracked 
| 171|0x000000071a000000, 0x000000071a000000, 0x000000071a200000|  0%| F|  |TAMS 0x000000071a000000| PB 0x000000071a000000| Untracked 
| 172|0x000000071a200000, 0x000000071a200000, 0x000000071a400000|  0%| F|  |TAMS 0x000000071a200000| PB 0x000000071a200000| Untracked 
| 173|0x000000071a400000, 0x000000071a400000, 0x000000071a600000|  0%| F|  |TAMS 0x000000071a400000| PB 0x000000071a400000| Untracked 
| 174|0x000000071a600000, 0x000000071a600000, 0x000000071a800000|  0%| F|  |TAMS 0x000000071a600000| PB 0x000000071a600000| Untracked 
| 175|0x000000071a800000, 0x000000071a800000, 0x000000071aa00000|  0%| F|  |TAMS 0x000000071a800000| PB 0x000000071a800000| Untracked 
| 176|0x000000071aa00000, 0x000000071aa00000, 0x000000071ac00000|  0%| F|  |TAMS 0x000000071aa00000| PB 0x000000071aa00000| Untracked 
| 177|0x000000071ac00000, 0x000000071ac00000, 0x000000071ae00000|  0%| F|  |TAMS 0x000000071ac00000| PB 0x000000071ac00000| Untracked 
| 178|0x000000071ae00000, 0x000000071ae00000, 0x000000071b000000|  0%| F|  |TAMS 0x000000071ae00000| PB 0x000000071ae00000| Untracked 
| 179|0x000000071b000000, 0x000000071b000000, 0x000000071b200000|  0%| F|  |TAMS 0x000000071b000000| PB 0x000000071b000000| Untracked 
| 180|0x000000071b200000, 0x000000071b200000, 0x000000071b400000|  0%| F|  |TAMS 0x000000071b200000| PB 0x000000071b200000| Untracked 
| 181|0x000000071b400000, 0x000000071b400000, 0x000000071b600000|  0%| F|  |TAMS 0x000000071b400000| PB 0x000000071b400000| Untracked 
| 182|0x000000071b600000, 0x000000071b600000, 0x000000071b800000|  0%| F|  |TAMS 0x000000071b600000| PB 0x000000071b600000| Untracked 
| 183|0x000000071b800000, 0x000000071b800000, 0x000000071ba00000|  0%| F|  |TAMS 0x000000071b800000| PB 0x000000071b800000| Untracked 
| 184|0x000000071ba00000, 0x000000071ba00000, 0x000000071bc00000|  0%| F|  |TAMS 0x000000071ba00000| PB 0x000000071ba00000| Untracked 
| 185|0x000000071bc00000, 0x000000071bc00000, 0x000000071be00000|  0%| F|  |TAMS 0x000000071bc00000| PB 0x000000071bc00000| Untracked 
| 186|0x000000071be00000, 0x000000071be00000, 0x000000071c000000|  0%| F|  |TAMS 0x000000071be00000| PB 0x000000071be00000| Untracked 
| 187|0x000000071c000000, 0x000000071c000000, 0x000000071c200000|  0%| F|  |TAMS 0x000000071c000000| PB 0x000000071c000000| Untracked 
| 188|0x000000071c200000, 0x000000071c200000, 0x000000071c400000|  0%| F|  |TAMS 0x000000071c200000| PB 0x000000071c200000| Untracked 
| 189|0x000000071c400000, 0x000000071c400000, 0x000000071c600000|  0%| F|  |TAMS 0x000000071c400000| PB 0x000000071c400000| Untracked 
| 190|0x000000071c600000, 0x000000071c600000, 0x000000071c800000|  0%| F|  |TAMS 0x000000071c600000| PB 0x000000071c600000| Untracked 
| 191|0x000000071c800000, 0x000000071c800000, 0x000000071ca00000|  0%| F|  |TAMS 0x000000071c800000| PB 0x000000071c800000| Untracked 
| 192|0x000000071ca00000, 0x000000071ca00000, 0x000000071cc00000|  0%| F|  |TAMS 0x000000071ca00000| PB 0x000000071ca00000| Untracked 
| 193|0x000000071cc00000, 0x000000071cc00000, 0x000000071ce00000|  0%| F|  |TAMS 0x000000071cc00000| PB 0x000000071cc00000| Untracked 
| 194|0x000000071ce00000, 0x000000071ce00000, 0x000000071d000000|  0%| F|  |TAMS 0x000000071ce00000| PB 0x000000071ce00000| Untracked 
| 195|0x000000071d000000, 0x000000071d000000, 0x000000071d200000|  0%| F|  |TAMS 0x000000071d000000| PB 0x000000071d000000| Untracked 
| 196|0x000000071d200000, 0x000000071d200000, 0x000000071d400000|  0%| F|  |TAMS 0x000000071d200000| PB 0x000000071d200000| Untracked 
| 197|0x000000071d400000, 0x000000071d400000, 0x000000071d600000|  0%| F|  |TAMS 0x000000071d400000| PB 0x000000071d400000| Untracked 
| 198|0x000000071d600000, 0x000000071d600000, 0x000000071d800000|  0%| F|  |TAMS 0x000000071d600000| PB 0x000000071d600000| Untracked 
| 199|0x000000071d800000, 0x000000071d800000, 0x000000071da00000|  0%| F|  |TAMS 0x000000071d800000| PB 0x000000071d800000| Untracked 
| 200|0x000000071da00000, 0x000000071da00000, 0x000000071dc00000|  0%| F|  |TAMS 0x000000071da00000| PB 0x000000071da00000| Untracked 
| 201|0x000000071dc00000, 0x000000071dc00000, 0x000000071de00000|  0%| F|  |TAMS 0x000000071dc00000| PB 0x000000071dc00000| Untracked 
| 202|0x000000071de00000, 0x000000071de00000, 0x000000071e000000|  0%| F|  |TAMS 0x000000071de00000| PB 0x000000071de00000| Untracked 
| 203|0x000000071e000000, 0x000000071e000000, 0x000000071e200000|  0%| F|  |TAMS 0x000000071e000000| PB 0x000000071e000000| Untracked 
| 204|0x000000071e200000, 0x000000071e200000, 0x000000071e400000|  0%| F|  |TAMS 0x000000071e200000| PB 0x000000071e200000| Untracked 
| 205|0x000000071e400000, 0x000000071e400000, 0x000000071e600000|  0%| F|  |TAMS 0x000000071e400000| PB 0x000000071e400000| Untracked 
| 206|0x000000071e600000, 0x000000071e600000, 0x000000071e800000|  0%| F|  |TAMS 0x000000071e600000| PB 0x000000071e600000| Untracked 
| 207|0x000000071e800000, 0x000000071e800000, 0x000000071ea00000|  0%| F|  |TAMS 0x000000071e800000| PB 0x000000071e800000| Untracked 
| 208|0x000000071ea00000, 0x000000071ea00000, 0x000000071ec00000|  0%| F|  |TAMS 0x000000071ea00000| PB 0x000000071ea00000| Untracked 
| 209|0x000000071ec00000, 0x000000071ec00000, 0x000000071ee00000|  0%| F|  |TAMS 0x000000071ec00000| PB 0x000000071ec00000| Untracked 
| 210|0x000000071ee00000, 0x000000071ee00000, 0x000000071f000000|  0%| F|  |TAMS 0x000000071ee00000| PB 0x000000071ee00000| Untracked 
| 211|0x000000071f000000, 0x000000071f000000, 0x000000071f200000|  0%| F|  |TAMS 0x000000071f000000| PB 0x000000071f000000| Untracked 
| 212|0x000000071f200000, 0x000000071f200000, 0x000000071f400000|  0%| F|  |TAMS 0x000000071f200000| PB 0x000000071f200000| Untracked 
| 213|0x000000071f400000, 0x000000071f400000, 0x000000071f600000|  0%| F|  |TAMS 0x000000071f400000| PB 0x000000071f400000| Untracked 
| 214|0x000000071f600000, 0x000000071f600000, 0x000000071f800000|  0%| F|  |TAMS 0x000000071f600000| PB 0x000000071f600000| Untracked 
| 215|0x000000071f800000, 0x000000071f800000, 0x000000071fa00000|  0%| F|  |TAMS 0x000000071f800000| PB 0x000000071f800000| Untracked 
| 216|0x000000071fa00000, 0x000000071fa00000, 0x000000071fc00000|  0%| F|  |TAMS 0x000000071fa00000| PB 0x000000071fa00000| Untracked 
| 217|0x000000071fc00000, 0x000000071fc00000, 0x000000071fe00000|  0%| F|  |TAMS 0x000000071fc00000| PB 0x000000071fc00000| Untracked 
| 218|0x000000071fe00000, 0x000000071fe00000, 0x0000000720000000|  0%| F|  |TAMS 0x000000071fe00000| PB 0x000000071fe00000| Untracked 
| 219|0x0000000720000000, 0x0000000720000000, 0x0000000720200000|  0%| F|  |TAMS 0x0000000720000000| PB 0x0000000720000000| Untracked 
| 220|0x0000000720200000, 0x0000000720200000, 0x0000000720400000|  0%| F|  |TAMS 0x0000000720200000| PB 0x0000000720200000| Untracked 
| 221|0x0000000720400000, 0x0000000720400000, 0x0000000720600000|  0%| F|  |TAMS 0x0000000720400000| PB 0x0000000720400000| Untracked 
| 222|0x0000000720600000, 0x0000000720600000, 0x0000000720800000|  0%| F|  |TAMS 0x0000000720600000| PB 0x0000000720600000| Untracked 
| 223|0x0000000720800000, 0x0000000720800000, 0x0000000720a00000|  0%| F|  |TAMS 0x0000000720800000| PB 0x0000000720800000| Untracked 
| 224|0x0000000720a00000, 0x0000000720a00000, 0x0000000720c00000|  0%| F|  |TAMS 0x0000000720a00000| PB 0x0000000720a00000| Untracked 
| 225|0x0000000720c00000, 0x0000000720c00000, 0x0000000720e00000|  0%| F|  |TAMS 0x0000000720c00000| PB 0x0000000720c00000| Untracked 
| 226|0x0000000720e00000, 0x0000000720e00000, 0x0000000721000000|  0%| F|  |TAMS 0x0000000720e00000| PB 0x0000000720e00000| Untracked 
| 227|0x0000000721000000, 0x0000000721000000, 0x0000000721200000|  0%| F|  |TAMS 0x0000000721000000| PB 0x0000000721000000| Untracked 
| 228|0x0000000721200000, 0x0000000721200000, 0x0000000721400000|  0%| F|  |TAMS 0x0000000721200000| PB 0x0000000721200000| Untracked 
| 229|0x0000000721400000, 0x0000000721400000, 0x0000000721600000|  0%| F|  |TAMS 0x0000000721400000| PB 0x0000000721400000| Untracked 
| 230|0x0000000721600000, 0x0000000721600000, 0x0000000721800000|  0%| F|  |TAMS 0x0000000721600000| PB 0x0000000721600000| Untracked 
| 231|0x0000000721800000, 0x0000000721800000, 0x0000000721a00000|  0%| F|  |TAMS 0x0000000721800000| PB 0x0000000721800000| Untracked 
| 232|0x0000000721a00000, 0x0000000721a00000, 0x0000000721c00000|  0%| F|  |TAMS 0x0000000721a00000| PB 0x0000000721a00000| Untracked 
| 233|0x0000000721c00000, 0x0000000721c00000, 0x0000000721e00000|  0%| F|  |TAMS 0x0000000721c00000| PB 0x0000000721c00000| Untracked 
| 234|0x0000000721e00000, 0x0000000721e00000, 0x0000000722000000|  0%| F|  |TAMS 0x0000000721e00000| PB 0x0000000721e00000| Untracked 
| 235|0x0000000722000000, 0x0000000722000000, 0x0000000722200000|  0%| F|  |TAMS 0x0000000722000000| PB 0x0000000722000000| Untracked 
| 236|0x0000000722200000, 0x0000000722200000, 0x0000000722400000|  0%| F|  |TAMS 0x0000000722200000| PB 0x0000000722200000| Untracked 
| 237|0x0000000722400000, 0x0000000722400000, 0x0000000722600000|  0%| F|  |TAMS 0x0000000722400000| PB 0x0000000722400000| Untracked 
| 238|0x0000000722600000, 0x0000000722600000, 0x0000000722800000|  0%| F|  |TAMS 0x0000000722600000| PB 0x0000000722600000| Untracked 
| 239|0x0000000722800000, 0x0000000722800000, 0x0000000722a00000|  0%| F|  |TAMS 0x0000000722800000| PB 0x0000000722800000| Untracked 
| 240|0x0000000722a00000, 0x0000000722a00000, 0x0000000722c00000|  0%| F|  |TAMS 0x0000000722a00000| PB 0x0000000722a00000| Untracked 
| 241|0x0000000722c00000, 0x0000000722c00000, 0x0000000722e00000|  0%| F|  |TAMS 0x0000000722c00000| PB 0x0000000722c00000| Untracked 
| 242|0x0000000722e00000, 0x0000000722e00000, 0x0000000723000000|  0%| F|  |TAMS 0x0000000722e00000| PB 0x0000000722e00000| Untracked 
| 243|0x0000000723000000, 0x0000000723000000, 0x0000000723200000|  0%| F|  |TAMS 0x0000000723000000| PB 0x0000000723000000| Untracked 
| 244|0x0000000723200000, 0x0000000723200000, 0x0000000723400000|  0%| F|  |TAMS 0x0000000723200000| PB 0x0000000723200000| Untracked 
| 245|0x0000000723400000, 0x0000000723400000, 0x0000000723600000|  0%| F|  |TAMS 0x0000000723400000| PB 0x0000000723400000| Untracked 
| 246|0x0000000723600000, 0x0000000723600000, 0x0000000723800000|  0%| F|  |TAMS 0x0000000723600000| PB 0x0000000723600000| Untracked 
| 247|0x0000000723800000, 0x0000000723800000, 0x0000000723a00000|  0%| F|  |TAMS 0x0000000723800000| PB 0x0000000723800000| Untracked 
| 248|0x0000000723a00000, 0x0000000723a00000, 0x0000000723c00000|  0%| F|  |TAMS 0x0000000723a00000| PB 0x0000000723a00000| Untracked 
| 249|0x0000000723c00000, 0x0000000723c00000, 0x0000000723e00000|  0%| F|  |TAMS 0x0000000723c00000| PB 0x0000000723c00000| Untracked 
| 250|0x0000000723e00000, 0x0000000723e00000, 0x0000000724000000|  0%| F|  |TAMS 0x0000000723e00000| PB 0x0000000723e00000| Untracked 
| 251|0x0000000724000000, 0x0000000724000000, 0x0000000724200000|  0%| F|  |TAMS 0x0000000724000000| PB 0x0000000724000000| Untracked 
| 252|0x0000000724200000, 0x0000000724200000, 0x0000000724400000|  0%| F|  |TAMS 0x0000000724200000| PB 0x0000000724200000| Untracked 
| 253|0x0000000724400000, 0x0000000724400000, 0x0000000724600000|  0%| F|  |TAMS 0x0000000724400000| PB 0x0000000724400000| Untracked 
| 254|0x0000000724600000, 0x0000000724600000, 0x0000000724800000|  0%| F|  |TAMS 0x0000000724600000| PB 0x0000000724600000| Untracked 
| 255|0x0000000724800000, 0x0000000724800000, 0x0000000724a00000|  0%| F|  |TAMS 0x0000000724800000| PB 0x0000000724800000| Untracked 
| 256|0x0000000724a00000, 0x0000000724a00000, 0x0000000724c00000|  0%| F|  |TAMS 0x0000000724a00000| PB 0x0000000724a00000| Untracked 
| 257|0x0000000724c00000, 0x0000000724c00000, 0x0000000724e00000|  0%| F|  |TAMS 0x0000000724c00000| PB 0x0000000724c00000| Untracked 
| 258|0x0000000724e00000, 0x0000000724e00000, 0x0000000725000000|  0%| F|  |TAMS 0x0000000724e00000| PB 0x0000000724e00000| Untracked 
| 259|0x0000000725000000, 0x0000000725000000, 0x0000000725200000|  0%| F|  |TAMS 0x0000000725000000| PB 0x0000000725000000| Untracked 
| 260|0x0000000725200000, 0x0000000725200000, 0x0000000725400000|  0%| F|  |TAMS 0x0000000725200000| PB 0x0000000725200000| Untracked 
| 261|0x0000000725400000, 0x0000000725400000, 0x0000000725600000|  0%| F|  |TAMS 0x0000000725400000| PB 0x0000000725400000| Untracked 
| 262|0x0000000725600000, 0x0000000725600000, 0x0000000725800000|  0%| F|  |TAMS 0x0000000725600000| PB 0x0000000725600000| Untracked 
| 263|0x0000000725800000, 0x0000000725800000, 0x0000000725a00000|  0%| F|  |TAMS 0x0000000725800000| PB 0x0000000725800000| Untracked 
| 264|0x0000000725a00000, 0x0000000725a00000, 0x0000000725c00000|  0%| F|  |TAMS 0x0000000725a00000| PB 0x0000000725a00000| Untracked 
| 265|0x0000000725c00000, 0x0000000725c00000, 0x0000000725e00000|  0%| F|  |TAMS 0x0000000725c00000| PB 0x0000000725c00000| Untracked 
| 266|0x0000000725e00000, 0x0000000725e00000, 0x0000000726000000|  0%| F|  |TAMS 0x0000000725e00000| PB 0x0000000725e00000| Untracked 
| 267|0x0000000726000000, 0x0000000726000000, 0x0000000726200000|  0%| F|  |TAMS 0x0000000726000000| PB 0x0000000726000000| Untracked 
| 268|0x0000000726200000, 0x0000000726200000, 0x0000000726400000|  0%| F|  |TAMS 0x0000000726200000| PB 0x0000000726200000| Untracked 
| 269|0x0000000726400000, 0x0000000726400000, 0x0000000726600000|  0%| F|  |TAMS 0x0000000726400000| PB 0x0000000726400000| Untracked 
| 270|0x0000000726600000, 0x0000000726600000, 0x0000000726800000|  0%| F|  |TAMS 0x0000000726600000| PB 0x0000000726600000| Untracked 
| 271|0x0000000726800000, 0x0000000726800000, 0x0000000726a00000|  0%| F|  |TAMS 0x0000000726800000| PB 0x0000000726800000| Untracked 
| 272|0x0000000726a00000, 0x0000000726a00000, 0x0000000726c00000|  0%| F|  |TAMS 0x0000000726a00000| PB 0x0000000726a00000| Untracked 
| 273|0x0000000726c00000, 0x0000000726c00000, 0x0000000726e00000|  0%| F|  |TAMS 0x0000000726c00000| PB 0x0000000726c00000| Untracked 
| 274|0x0000000726e00000, 0x0000000726e00000, 0x0000000727000000|  0%| F|  |TAMS 0x0000000726e00000| PB 0x0000000726e00000| Untracked 
| 275|0x0000000727000000, 0x0000000727000000, 0x0000000727200000|  0%| F|  |TAMS 0x0000000727000000| PB 0x0000000727000000| Untracked 
| 276|0x0000000727200000, 0x0000000727200000, 0x0000000727400000|  0%| F|  |TAMS 0x0000000727200000| PB 0x0000000727200000| Untracked 
| 277|0x0000000727400000, 0x0000000727400000, 0x0000000727600000|  0%| F|  |TAMS 0x0000000727400000| PB 0x0000000727400000| Untracked 
| 278|0x0000000727600000, 0x0000000727600000, 0x0000000727800000|  0%| F|  |TAMS 0x0000000727600000| PB 0x0000000727600000| Untracked 
| 279|0x0000000727800000, 0x0000000727800000, 0x0000000727a00000|  0%| F|  |TAMS 0x0000000727800000| PB 0x0000000727800000| Untracked 
| 280|0x0000000727a00000, 0x0000000727a00000, 0x0000000727c00000|  0%| F|  |TAMS 0x0000000727a00000| PB 0x0000000727a00000| Untracked 
| 281|0x0000000727c00000, 0x0000000727c00000, 0x0000000727e00000|  0%| F|  |TAMS 0x0000000727c00000| PB 0x0000000727c00000| Untracked 
| 282|0x0000000727e00000, 0x0000000727e00000, 0x0000000728000000|  0%| F|  |TAMS 0x0000000727e00000| PB 0x0000000727e00000| Untracked 
| 283|0x0000000728000000, 0x0000000728000000, 0x0000000728200000|  0%| F|  |TAMS 0x0000000728000000| PB 0x0000000728000000| Untracked 
| 284|0x0000000728200000, 0x0000000728200000, 0x0000000728400000|  0%| F|  |TAMS 0x0000000728200000| PB 0x0000000728200000| Untracked 
| 285|0x0000000728400000, 0x0000000728400000, 0x0000000728600000|  0%| F|  |TAMS 0x0000000728400000| PB 0x0000000728400000| Untracked 
| 286|0x0000000728600000, 0x0000000728600000, 0x0000000728800000|  0%| F|  |TAMS 0x0000000728600000| PB 0x0000000728600000| Untracked 
| 287|0x0000000728800000, 0x0000000728800000, 0x0000000728a00000|  0%| F|  |TAMS 0x0000000728800000| PB 0x0000000728800000| Untracked 
| 288|0x0000000728a00000, 0x0000000728a00000, 0x0000000728c00000|  0%| F|  |TAMS 0x0000000728a00000| PB 0x0000000728a00000| Untracked 
| 289|0x0000000728c00000, 0x0000000728c00000, 0x0000000728e00000|  0%| F|  |TAMS 0x0000000728c00000| PB 0x0000000728c00000| Untracked 
| 290|0x0000000728e00000, 0x0000000728e00000, 0x0000000729000000|  0%| F|  |TAMS 0x0000000728e00000| PB 0x0000000728e00000| Untracked 
| 291|0x0000000729000000, 0x0000000729000000, 0x0000000729200000|  0%| F|  |TAMS 0x0000000729000000| PB 0x0000000729000000| Untracked 
| 292|0x0000000729200000, 0x0000000729200000, 0x0000000729400000|  0%| F|  |TAMS 0x0000000729200000| PB 0x0000000729200000| Untracked 
| 293|0x0000000729400000, 0x0000000729400000, 0x0000000729600000|  0%| F|  |TAMS 0x0000000729400000| PB 0x0000000729400000| Untracked 
| 294|0x0000000729600000, 0x0000000729600000, 0x0000000729800000|  0%| F|  |TAMS 0x0000000729600000| PB 0x0000000729600000| Untracked 
| 295|0x0000000729800000, 0x0000000729800000, 0x0000000729a00000|  0%| F|  |TAMS 0x0000000729800000| PB 0x0000000729800000| Untracked 
| 296|0x0000000729a00000, 0x0000000729a00000, 0x0000000729c00000|  0%| F|  |TAMS 0x0000000729a00000| PB 0x0000000729a00000| Untracked 
| 297|0x0000000729c00000, 0x0000000729c00000, 0x0000000729e00000|  0%| F|  |TAMS 0x0000000729c00000| PB 0x0000000729c00000| Untracked 
| 298|0x0000000729e00000, 0x0000000729e00000, 0x000000072a000000|  0%| F|  |TAMS 0x0000000729e00000| PB 0x0000000729e00000| Untracked 
| 299|0x000000072a000000, 0x000000072a000000, 0x000000072a200000|  0%| F|  |TAMS 0x000000072a000000| PB 0x000000072a000000| Untracked 
| 300|0x000000072a200000, 0x000000072a200000, 0x000000072a400000|  0%| F|  |TAMS 0x000000072a200000| PB 0x000000072a200000| Untracked 
| 301|0x000000072a400000, 0x000000072a400000, 0x000000072a600000|  0%| F|  |TAMS 0x000000072a400000| PB 0x000000072a400000| Untracked 
| 302|0x000000072a600000, 0x000000072a600000, 0x000000072a800000|  0%| F|  |TAMS 0x000000072a600000| PB 0x000000072a600000| Untracked 
| 303|0x000000072a800000, 0x000000072a800000, 0x000000072aa00000|  0%| F|  |TAMS 0x000000072a800000| PB 0x000000072a800000| Untracked 
| 304|0x000000072aa00000, 0x000000072aa00000, 0x000000072ac00000|  0%| F|  |TAMS 0x000000072aa00000| PB 0x000000072aa00000| Untracked 
| 305|0x000000072ac00000, 0x000000072ac00000, 0x000000072ae00000|  0%| F|  |TAMS 0x000000072ac00000| PB 0x000000072ac00000| Untracked 
| 306|0x000000072ae00000, 0x000000072ae00000, 0x000000072b000000|  0%| F|  |TAMS 0x000000072ae00000| PB 0x000000072ae00000| Untracked 
| 307|0x000000072b000000, 0x000000072b000000, 0x000000072b200000|  0%| F|  |TAMS 0x000000072b000000| PB 0x000000072b000000| Untracked 
| 308|0x000000072b200000, 0x000000072b200000, 0x000000072b400000|  0%| F|  |TAMS 0x000000072b200000| PB 0x000000072b200000| Untracked 
| 309|0x000000072b400000, 0x000000072b400000, 0x000000072b600000|  0%| F|  |TAMS 0x000000072b400000| PB 0x000000072b400000| Untracked 
| 310|0x000000072b600000, 0x000000072b600000, 0x000000072b800000|  0%| F|  |TAMS 0x000000072b600000| PB 0x000000072b600000| Untracked 
| 311|0x000000072b800000, 0x000000072b800000, 0x000000072ba00000|  0%| F|  |TAMS 0x000000072b800000| PB 0x000000072b800000| Untracked 
| 312|0x000000072ba00000, 0x000000072ba00000, 0x000000072bc00000|  0%| F|  |TAMS 0x000000072ba00000| PB 0x000000072ba00000| Untracked 
| 313|0x000000072bc00000, 0x000000072bc00000, 0x000000072be00000|  0%| F|  |TAMS 0x000000072bc00000| PB 0x000000072bc00000| Untracked 
| 314|0x000000072be00000, 0x000000072be00000, 0x000000072c000000|  0%| F|  |TAMS 0x000000072be00000| PB 0x000000072be00000| Untracked 
| 315|0x000000072c000000, 0x000000072c000000, 0x000000072c200000|  0%| F|  |TAMS 0x000000072c000000| PB 0x000000072c000000| Untracked 
| 316|0x000000072c200000, 0x000000072c200000, 0x000000072c400000|  0%| F|  |TAMS 0x000000072c200000| PB 0x000000072c200000| Untracked 
| 317|0x000000072c400000, 0x000000072c400000, 0x000000072c600000|  0%| F|  |TAMS 0x000000072c400000| PB 0x000000072c400000| Untracked 
| 318|0x000000072c600000, 0x000000072c600000, 0x000000072c800000|  0%| F|  |TAMS 0x000000072c600000| PB 0x000000072c600000| Untracked 
| 319|0x000000072c800000, 0x000000072c800000, 0x000000072ca00000|  0%| F|  |TAMS 0x000000072c800000| PB 0x000000072c800000| Untracked 
| 320|0x000000072ca00000, 0x000000072ca00000, 0x000000072cc00000|  0%| F|  |TAMS 0x000000072ca00000| PB 0x000000072ca00000| Untracked 
| 321|0x000000072cc00000, 0x000000072cc00000, 0x000000072ce00000|  0%| F|  |TAMS 0x000000072cc00000| PB 0x000000072cc00000| Untracked 
| 322|0x000000072ce00000, 0x000000072ce00000, 0x000000072d000000|  0%| F|  |TAMS 0x000000072ce00000| PB 0x000000072ce00000| Untracked 
| 323|0x000000072d000000, 0x000000072d000000, 0x000000072d200000|  0%| F|  |TAMS 0x000000072d000000| PB 0x000000072d000000| Untracked 
| 324|0x000000072d200000, 0x000000072d200000, 0x000000072d400000|  0%| F|  |TAMS 0x000000072d200000| PB 0x000000072d200000| Untracked 
| 325|0x000000072d400000, 0x000000072d400000, 0x000000072d600000|  0%| F|  |TAMS 0x000000072d400000| PB 0x000000072d400000| Untracked 
| 326|0x000000072d600000, 0x000000072d600000, 0x000000072d800000|  0%| F|  |TAMS 0x000000072d600000| PB 0x000000072d600000| Untracked 
| 327|0x000000072d800000, 0x000000072d800000, 0x000000072da00000|  0%| F|  |TAMS 0x000000072d800000| PB 0x000000072d800000| Untracked 
| 328|0x000000072da00000, 0x000000072da00000, 0x000000072dc00000|  0%| F|  |TAMS 0x000000072da00000| PB 0x000000072da00000| Untracked 
| 329|0x000000072dc00000, 0x000000072dd00000, 0x000000072de00000| 50%| E|  |TAMS 0x000000072dc00000| PB 0x000000072dc00000| Complete 
| 330|0x000000072de00000, 0x000000072e000000, 0x000000072e000000|100%| E|CS|TAMS 0x000000072de00000| PB 0x000000072de00000| Complete 
| 331|0x000000072e000000, 0x000000072e200000, 0x000000072e200000|100%| E|CS|TAMS 0x000000072e000000| PB 0x000000072e000000| Complete 
| 332|0x000000072e200000, 0x000000072e34e518, 0x000000072e400000| 65%| S|CS|TAMS 0x000000072e200000| PB 0x000000072e200000| Complete 
| 333|0x000000072e400000, 0x000000072e600000, 0x000000072e600000|100%| S|CS|TAMS 0x000000072e400000| PB 0x000000072e400000| Complete 
| 334|0x000000072e600000, 0x000000072e800000, 0x000000072e800000|100%| S|CS|TAMS 0x000000072e600000| PB 0x000000072e600000| Complete 
| 335|0x000000072e800000, 0x000000072ea00000, 0x000000072ea00000|100%| E|CS|TAMS 0x000000072e800000| PB 0x000000072e800000| Complete 
| 336|0x000000072ea00000, 0x000000072ec00000, 0x000000072ec00000|100%| E|CS|TAMS 0x000000072ea00000| PB 0x000000072ea00000| Complete 
| 337|0x000000072ec00000, 0x000000072ee00000, 0x000000072ee00000|100%| E|CS|TAMS 0x000000072ec00000| PB 0x000000072ec00000| Complete 
| 338|0x000000072ee00000, 0x000000072f000000, 0x000000072f000000|100%| E|CS|TAMS 0x000000072ee00000| PB 0x000000072ee00000| Complete 

Card table byte_map: [0x000001d19a3e0000,0x000001d19abc0000] _byte_map_base: 0x000001d196bbb000

Marking Bits: (CMBitMap*) 0x000001d181aae210
 Bits: [0x000001d19abc0000, 0x000001d19ea98000)

Polling page: 0x000001d180420000

Metaspace:

Usage:
  Non-class:     43.64 MB used.
      Class:      7.00 MB used.
       Both:     50.64 MB used.

Virtual space:
  Non-class space:       64.00 MB reserved,      43.94 MB ( 69%) committed,  1 nodes.
      Class space:        1.00 GB reserved,       7.19 MB ( <1%) committed,  1 nodes.
             Both:        1.06 GB reserved,      51.12 MB (  5%) committed. 

Chunk freelists:
   Non-Class:  3.86 MB
       Class:  8.70 MB
        Both:  12.56 MB

MaxMetaspaceSize: unlimited
CompressedClassSpaceSize: 1.00 GB
Initial GC threshold: 21.00 MB
Current GC threshold: 83.25 MB
CDS: on
 - commit_granule_bytes: 65536.
 - commit_granule_words: 8192.
 - virtual_space_node_default_size: 8388608.
 - enlarge_chunks_in_place: 1.
 - use_allocation_guard: 0.


Internal statistics:

num_allocs_failed_limit: 6.
num_arena_births: 596.
num_arena_deaths: 0.
num_vsnodes_births: 2.
num_vsnodes_deaths: 0.
num_space_committed: 818.
num_space_uncommitted: 0.
num_chunks_returned_to_freelist: 6.
num_chunks_taken_from_freelist: 2301.
num_chunk_merges: 6.
num_chunk_splits: 1662.
num_chunks_enlarged: 1334.
num_inconsistent_stats: 0.

CodeHeap 'non-profiled nmethods': size=120000Kb used=3970Kb max_used=3970Kb free=116029Kb
 bounds [0x000001d191a30000, 0x000001d191e20000, 0x000001d198f60000]
CodeHeap 'profiled nmethods': size=120000Kb used=13716Kb max_used=13716Kb free=106283Kb
 bounds [0x000001d189f60000, 0x000001d18acd0000, 0x000001d191490000]
CodeHeap 'non-nmethods': size=5760Kb used=2080Kb max_used=2141Kb free=3679Kb
 bounds [0x000001d191490000, 0x000001d191700000, 0x000001d191a30000]
 total_blobs=7831 nmethods=6810 adapters=924
 compilation: enabled
              stopped_count=0, restarted_count=0
 full_count=0

Compilation events (20 events):
Event: 47.656 Thread 0x000001d1a1a73d70 nmethod 7620 0x000001d18acbb610 code [0x000001d18acbb800, 0x000001d18acbbc38]
Event: 47.656 Thread 0x000001d1a1a73d70 7621       3       com.sun.javafx.scene.shape.RectangleHelper::configShapeImpl (10 bytes)
Event: 47.656 Thread 0x000001d1a1a73d70 nmethod 7621 0x000001d18acbbd90 code [0x000001d18acbbf60, 0x000001d18acbc248]
Event: 47.656 Thread 0x000001d1a1a73d70 7622       3       javafx.scene.shape.Rectangle$1::doConfigShape (8 bytes)
Event: 47.656 Thread 0x000001d1a1a73d70 nmethod 7622 0x000001d18acbc390 code [0x000001d18acbc540, 0x000001d18acbc778]
Event: 47.656 Thread 0x000001d1a1a73d70 7623       3       javafx.scene.shape.Rectangle::doConfigShape (92 bytes)
Event: 47.657 Thread 0x000001d1a1a73d70 nmethod 7623 0x000001d18acbc890 code [0x000001d18acbcc60, 0x000001d18acbf0b8]
Event: 47.657 Thread 0x000001d1a1a73d70 7624       3       javafx.scene.shape.Shape::computeShapeContains (159 bytes)
Event: 47.658 Thread 0x000001d1a1a73d70 nmethod 7624 0x000001d18acbfa10 code [0x000001d18acbfde0, 0x000001d18acc1808]
Event: 47.658 Thread 0x000001d1a1a73d70 7625       3       com.sun.javafx.geom.RoundRectangle2D::contains (189 bytes)
Event: 47.658 Thread 0x000001d1a1a73d70 nmethod 7625 0x000001d18acc2010 code [0x000001d18acc2260, 0x000001d18acc2b50]
Event: 47.658 Thread 0x000001d1a1a73d70 7626       3       com.sun.javafx.geom.RoundRectangle2D::isEmpty (24 bytes)
Event: 47.658 Thread 0x000001d1a1a73d70 nmethod 7626 0x000001d18acc2d10 code [0x000001d18acc2ec0, 0x000001d18acc30b0]
Event: 48.965 Thread 0x000001d1a1a73d70 7627       3       java.util.logging.LogManager$LogNode::<init> (15 bytes)
Event: 48.965 Thread 0x000001d1a1a73d70 nmethod 7627 0x000001d18acc3190 code [0x000001d18acc3340, 0x000001d18acc3570]
Event: 48.966 Thread 0x000001d1a1a73d70 7628       3       java.util.logging.LogManager::checkPermission (16 bytes)
Event: 48.966 Thread 0x000001d1a1a73d70 nmethod 7628 0x000001d18acc3610 code [0x000001d18acc37c0, 0x000001d18acc39b0]
Event: 48.966 Thread 0x000001d1a1a73d70 7629   !   3       java.util.logging.LogManager$LoggerContext::findLogger (113 bytes)
Event: 48.967 Thread 0x000001d1a1a73d70 nmethod 7629 0x000001d18acc3a90 code [0x000001d18acc3d40, 0x000001d18acc4c78]
Event: 48.967 Thread 0x000001d1a1a73d70 7630       3       java.util.logging.Logger::updateEffectiveLevel (126 bytes)

GC Heap History (20 events):
Event: 3.969 GC heap before
{Heap before GC invocations=9 (full 0):
 garbage-first heap   total 163840K, used 75981K [0x0000000704a00000, 0x0000000800000000)
  region size 2048K, 7 young (14336K), 2 survivors (4096K)
 Metaspace       used 36869K, committed 37312K, reserved 1114112K
  class space    used 5042K, committed 5248K, reserved 1048576K
}
Event: 3.974 GC heap after
{Heap after GC invocations=10 (full 0):
 garbage-first heap   total 163840K, used 69636K [0x0000000704a00000, 0x0000000800000000)
  region size 2048K, 3 young (6144K), 3 survivors (6144K)
 Metaspace       used 36869K, committed 37312K, reserved 1114112K
  class space    used 5042K, committed 5248K, reserved 1048576K
}
Event: 4.591 GC heap before
{Heap before GC invocations=10 (full 0):
 garbage-first heap   total 163840K, used 116740K [0x0000000704a00000, 0x0000000800000000)
  region size 2048K, 17 young (34816K), 3 survivors (6144K)
 Metaspace       used 41790K, committed 42240K, reserved 1114112K
  class space    used 6001K, committed 6208K, reserved 1048576K
}
Event: 4.597 GC heap after
{Heap after GC invocations=11 (full 0):
 garbage-first heap   total 163840K, used 91870K [0x0000000704a00000, 0x0000000800000000)
  region size 2048K, 4 young (8192K), 4 survivors (8192K)
 Metaspace       used 41790K, committed 42240K, reserved 1114112K
  class space    used 6001K, committed 6208K, reserved 1048576K
}
Event: 8.540 GC heap before
{Heap before GC invocations=12 (full 0):
 garbage-first heap   total 163840K, used 95966K [0x0000000704a00000, 0x0000000800000000)
  region size 2048K, 6 young (12288K), 4 survivors (8192K)
 Metaspace       used 42124K, committed 42560K, reserved 1114112K
  class space    used 6019K, committed 6208K, reserved 1048576K
}
Event: 8.545 GC heap after
{Heap after GC invocations=13 (full 0):
 garbage-first heap   total 163840K, used 94572K [0x0000000704a00000, 0x0000000800000000)
  region size 2048K, 3 young (6144K), 3 survivors (6144K)
 Metaspace       used 42124K, committed 42560K, reserved 1114112K
  class space    used 6019K, committed 6208K, reserved 1048576K
}
Event: 8.586 GC heap before
{Heap before GC invocations=14 (full 0):
 garbage-first heap   total 167936K, used 96620K [0x0000000704a00000, 0x0000000800000000)
  region size 2048K, 4 young (8192K), 3 survivors (6144K)
 Metaspace       used 42154K, committed 42560K, reserved 1114112K
  class space    used 6022K, committed 6208K, reserved 1048576K
}
Event: 8.591 GC heap after
{Heap after GC invocations=15 (full 0):
 garbage-first heap   total 280576K, used 96711K [0x0000000704a00000, 0x0000000800000000)
  region size 2048K, 3 young (6144K), 3 survivors (6144K)
 Metaspace       used 42154K, committed 42560K, reserved 1114112K
  class space    used 6022K, committed 6208K, reserved 1048576K
}
Event: 8.700 GC heap before
{Heap before GC invocations=15 (full 0):
 garbage-first heap   total 280576K, used 125383K [0x0000000704a00000, 0x0000000800000000)
  region size 2048K, 7 young (14336K), 3 survivors (6144K)
 Metaspace       used 42368K, committed 42880K, reserved 1114112K
  class space    used 6048K, committed 6272K, reserved 1048576K
}
Event: 8.703 GC heap after
{Heap after GC invocations=16 (full 0):
 garbage-first heap   total 280576K, used 118805K [0x0000000704a00000, 0x0000000800000000)
  region size 2048K, 2 young (4096K), 2 survivors (4096K)
 Metaspace       used 42368K, committed 42880K, reserved 1114112K
  class space    used 6048K, committed 6272K, reserved 1048576K
}
Event: 11.489 GC heap before
{Heap before GC invocations=16 (full 0):
 garbage-first heap   total 280576K, used 204821K [0x0000000704a00000, 0x0000000800000000)
  region size 2048K, 23 young (47104K), 2 survivors (4096K)
 Metaspace       used 49492K, committed 49984K, reserved 1114112K
  class space    used 7016K, committed 7232K, reserved 1048576K
}
Event: 11.496 GC heap after
{Heap after GC invocations=17 (full 0):
 garbage-first heap   total 280576K, used 167994K [0x0000000704a00000, 0x0000000800000000)
  region size 2048K, 4 young (8192K), 4 survivors (8192K)
 Metaspace       used 49492K, committed 49984K, reserved 1114112K
  class space    used 7016K, committed 7232K, reserved 1048576K
}
Event: 13.312 GC heap before
{Heap before GC invocations=18 (full 0):
 garbage-first heap   total 290816K, used 178234K [0x0000000704a00000, 0x0000000800000000)
  region size 2048K, 10 young (20480K), 4 survivors (8192K)
 Metaspace       used 49775K, committed 50240K, reserved 1114112K
  class space    used 7031K, committed 7232K, reserved 1048576K
}
Event: 13.319 GC heap after
{Heap after GC invocations=19 (full 0):
 garbage-first heap   total 290816K, used 171499K [0x0000000704a00000, 0x0000000800000000)
  region size 2048K, 4 young (8192K), 4 survivors (8192K)
 Metaspace       used 49775K, committed 50240K, reserved 1114112K
  class space    used 7031K, committed 7232K, reserved 1048576K
}
Event: 16.983 GC heap before
{Heap before GC invocations=20 (full 0):
 garbage-first heap   total 296960K, used 234987K [0x0000000704a00000, 0x0000000800000000)
  region size 2048K, 12 young (24576K), 4 survivors (8192K)
 Metaspace       used 50648K, committed 51136K, reserved 1114112K
  class space    used 7114K, committed 7296K, reserved 1048576K
}
Event: 16.990 GC heap after
{Heap after GC invocations=21 (full 0):
 garbage-first heap   total 296960K, used 222647K [0x0000000704a00000, 0x0000000800000000)
  region size 2048K, 4 young (8192K), 4 survivors (8192K)
 Metaspace       used 50648K, committed 51136K, reserved 1114112K
  class space    used 7114K, committed 7296K, reserved 1048576K
}
Event: 30.537 GC heap before
{Heap before GC invocations=22 (full 0):
 garbage-first heap   total 382976K, used 236983K [0x0000000704a00000, 0x0000000800000000)
  region size 2048K, 10 young (20480K), 4 survivors (8192K)
 Metaspace       used 51534K, committed 52032K, reserved 1114112K
  class space    used 7155K, committed 7360K, reserved 1048576K
}
Event: 30.545 GC heap after
{Heap after GC invocations=23 (full 0):
 garbage-first heap   total 694272K, used 227906K [0x0000000704a00000, 0x0000000800000000)
  region size 2048K, 3 young (6144K), 3 survivors (6144K)
 Metaspace       used 51534K, committed 52032K, reserved 1114112K
  class space    used 7155K, committed 7360K, reserved 1048576K
}
Event: 37.285 GC heap before
{Heap before GC invocations=23 (full 0):
 garbage-first heap   total 694272K, used 324162K [0x0000000704a00000, 0x0000000800000000)
  region size 2048K, 7 young (14336K), 3 survivors (6144K)
 Metaspace       used 51754K, committed 52224K, reserved 1114112K
  class space    used 7166K, committed 7360K, reserved 1048576K
}
Event: 37.290 GC heap after
{Heap after GC invocations=24 (full 0):
 garbage-first heap   total 694272K, used 227909K [0x0000000704a00000, 0x0000000800000000)
  region size 2048K, 3 young (6144K), 3 survivors (6144K)
 Metaspace       used 51754K, committed 52224K, reserved 1114112K
  class space    used 7166K, committed 7360K, reserved 1048576K
}

Dll operation events (20 events):
Event: 0.846 Loaded shared library C:\Users\yasas\.openjfx\cache\21.0.6+3\amd64\api-ms-win-crt-multibyte-l1-1-0.dll
Event: 0.851 Loaded shared library C:\Users\yasas\.openjfx\cache\21.0.6+3\amd64\api-ms-win-crt-private-l1-1-0.dll
Event: 0.854 Loaded shared library C:\Users\yasas\.openjfx\cache\21.0.6+3\amd64\api-ms-win-crt-process-l1-1-0.dll
Event: 0.857 Loaded shared library C:\Users\yasas\.openjfx\cache\21.0.6+3\amd64\api-ms-win-crt-runtime-l1-1-0.dll
Event: 0.861 Loaded shared library C:\Users\yasas\.openjfx\cache\21.0.6+3\amd64\api-ms-win-crt-stdio-l1-1-0.dll
Event: 0.864 Loaded shared library C:\Users\yasas\.openjfx\cache\21.0.6+3\amd64\api-ms-win-crt-string-l1-1-0.dll
Event: 0.868 Loaded shared library C:\Users\yasas\.openjfx\cache\21.0.6+3\amd64\api-ms-win-crt-time-l1-1-0.dll
Event: 0.872 Loaded shared library C:\Users\yasas\.openjfx\cache\21.0.6+3\amd64\api-ms-win-crt-utility-l1-1-0.dll
Event: 0.887 Loaded shared library C:\Users\yasas\.openjfx\cache\21.0.6+3\amd64\ucrtbase.dll
Event: 0.892 Loaded shared library C:\Users\yasas\.openjfx\cache\21.0.6+3\amd64\vcruntime140.dll
Event: 0.895 Loaded shared library C:\Users\yasas\.openjfx\cache\21.0.6+3\amd64\vcruntime140_1.dll
Event: 0.906 Loaded shared library C:\Users\yasas\.openjfx\cache\21.0.6+3\amd64\msvcp140.dll
Event: 0.909 Loaded shared library C:\Users\yasas\.openjfx\cache\21.0.6+3\amd64\msvcp140_1.dll
Event: 0.914 Loaded shared library C:\Users\yasas\.openjfx\cache\21.0.6+3\amd64\msvcp140_2.dll
Event: 0.955 Loaded shared library C:\Users\yasas\.openjfx\cache\21.0.6+3\amd64\prism_d3d.dll
Event: 1.067 Loaded shared library C:\Users\yasas\.openjfx\cache\21.0.6+3\amd64\glass.dll
Event: 1.188 Loaded shared library C:\Program Files\Java\jdk-21\bin\jimage.dll
Event: 1.352 Loaded shared library C:\Program Files\Java\jdk-21\bin\verify.dll
Event: 1.940 Loaded shared library C:\Program Files\Java\jdk-21\bin\sunmscapi.dll
Event: 3.824 Loaded shared library C:\Users\yasas\.openjfx\cache\21.0.6+3\amd64\javafx_font.dll

Deoptimization events (20 events):
Event: 39.245 Thread 0x000001d1e7dd3cc0 Uncommon trap: trap_request=0xffffffd6 fr.pc=0x000001d191e0abc0 relative=0x00000000000007e0
Event: 39.245 Thread 0x000001d1e7dd3cc0 Uncommon trap: reason=array_check action=maybe_recompile pc=0x000001d191e0abc0 method=com.sun.javafx.event.EventDispatchChainImpl.insertFirst(Ljavafx/event/EventDispatcher;)V @ 9 c2
Event: 39.245 Thread 0x000001d1e7dd3cc0 DEOPT PACKING pc=0x000001d191e0abc0 sp=0x000000965b2f8ec0
Event: 39.245 Thread 0x000001d1e7dd3cc0 DEOPT UNPACKING pc=0x000001d1914e46a2 sp=0x000000965b2f8e18 mode 2
Event: 39.245 Thread 0x000001d1e7dd3cc0 Uncommon trap: trap_request=0xffffffd6 fr.pc=0x000001d191e0ab2c relative=0x000000000000074c
Event: 39.245 Thread 0x000001d1e7dd3cc0 Uncommon trap: reason=array_check action=maybe_recompile pc=0x000001d191e0ab2c method=com.sun.javafx.event.EventDispatchChainImpl.prepend(Ljavafx/event/EventDispatcher;)Ljavafx/event/EventDispatchChain; @ 33 c2
Event: 39.245 Thread 0x000001d1e7dd3cc0 DEOPT PACKING pc=0x000001d191e0ab2c sp=0x000000965b2f8e40
Event: 39.245 Thread 0x000001d1e7dd3cc0 DEOPT UNPACKING pc=0x000001d1914e46a2 sp=0x000000965b2f8e00 mode 2
Event: 39.245 Thread 0x000001d1e7dd3cc0 Uncommon trap: trap_request=0xffffffd6 fr.pc=0x000001d191e0ab2c relative=0x000000000000074c
Event: 39.245 Thread 0x000001d1e7dd3cc0 Uncommon trap: reason=array_check action=maybe_recompile pc=0x000001d191e0ab2c method=com.sun.javafx.event.EventDispatchChainImpl.prepend(Ljavafx/event/EventDispatcher;)Ljavafx/event/EventDispatchChain; @ 33 c2
Event: 39.245 Thread 0x000001d1e7dd3cc0 DEOPT PACKING pc=0x000001d191e0ab2c sp=0x000000965b2f8e40
Event: 39.245 Thread 0x000001d1e7dd3cc0 DEOPT UNPACKING pc=0x000001d1914e46a2 sp=0x000000965b2f8e00 mode 2
Event: 39.245 Thread 0x000001d1e7dd3cc0 Uncommon trap: trap_request=0xffffffd6 fr.pc=0x000001d191e0abc0 relative=0x00000000000007e0
Event: 39.245 Thread 0x000001d1e7dd3cc0 Uncommon trap: reason=array_check action=maybe_recompile pc=0x000001d191e0abc0 method=com.sun.javafx.event.EventDispatchChainImpl.insertFirst(Ljavafx/event/EventDispatcher;)V @ 9 c2
Event: 39.245 Thread 0x000001d1e7dd3cc0 DEOPT PACKING pc=0x000001d191e0abc0 sp=0x000000965b2f8ec0
Event: 39.245 Thread 0x000001d1e7dd3cc0 DEOPT UNPACKING pc=0x000001d1914e46a2 sp=0x000000965b2f8e18 mode 2
Event: 39.245 Thread 0x000001d1e7dd3cc0 Uncommon trap: trap_request=0xffffffd6 fr.pc=0x000001d191e0ab2c relative=0x000000000000074c
Event: 39.245 Thread 0x000001d1e7dd3cc0 Uncommon trap: reason=array_check action=maybe_recompile pc=0x000001d191e0ab2c method=com.sun.javafx.event.EventDispatchChainImpl.prepend(Ljavafx/event/EventDispatcher;)Ljavafx/event/EventDispatchChain; @ 33 c2
Event: 39.245 Thread 0x000001d1e7dd3cc0 DEOPT PACKING pc=0x000001d191e0ab2c sp=0x000000965b2f8e40
Event: 39.245 Thread 0x000001d1e7dd3cc0 DEOPT UNPACKING pc=0x000001d1914e46a2 sp=0x000000965b2f8e00 mode 2

Classes loaded (20 events):
Event: 23.159 Loading class java/time/format/DateTimeFormatterBuilder$LocalizedPrinterParser
Event: 23.159 Loading class java/time/format/DateTimeFormatterBuilder$LocalizedPrinterParser done
Event: 31.884 Loading class java/text/BreakIterator
Event: 31.885 Loading class java/text/BreakIterator done
Event: 31.887 Loading class sun/util/locale/provider/BreakIteratorProviderImpl
Event: 31.916 Loading class sun/util/locale/provider/BreakIteratorProviderImpl done
Event: 31.917 Loading class sun/util/locale/provider/BaseLocaleDataMetaInfo
Event: 31.917 Loading class sun/util/locale/provider/BaseLocaleDataMetaInfo done
Event: 31.918 Loading class sun/util/locale/provider/BreakIteratorProviderImpl$GraphemeBreakIterator
Event: 31.918 Loading class sun/util/locale/provider/BreakIteratorProviderImpl$GraphemeBreakIterator done
Event: 31.918 Loading class java/text/StringCharacterIterator
Event: 31.918 Loading class java/text/StringCharacterIterator done
Event: 31.919 Loading class sun/util/locale/provider/BreakIteratorProviderImpl$CharacterIteratorCharSequence
Event: 31.919 Loading class sun/util/locale/provider/BreakIteratorProviderImpl$CharacterIteratorCharSequence done
Event: 31.919 Loading class java/text/BreakIterator$BreakIteratorCache
Event: 31.919 Loading class java/text/BreakIterator$BreakIteratorCache done
Event: 31.919 Loading class jdk/internal/util/regex/Grapheme
Event: 31.919 Loading class jdk/internal/util/regex/Grapheme done
Event: 48.964 Loading class jdk/internal/misc/Signal$1
Event: 48.964 Loading class jdk/internal/misc/Signal$1 done

Classes unloaded (0 events):
No events

Classes redefined (0 events):
No events

Internal exceptions (20 events):
Event: 11.551 Thread 0x000001d1e7dd3cc0 Exception <a 'java/io/FileNotFoundException'{0x00000007165d1e60}> (0x00000007165d1e60) 
thrown [s\open\src\hotspot\share\prims\jni.cpp, line 520]
Event: 11.554 Thread 0x000001d1e7dd3cc0 Exception <a 'java/io/FileNotFoundException'{0x000000071620b2f8}> (0x000000071620b2f8) 
thrown [s\open\src\hotspot\share\prims\jni.cpp, line 520]
Event: 11.556 Thread 0x000001d1e7dd3cc0 Exception <a 'java/io/FileNotFoundException'{0x000000071622d948}> (0x000000071622d948) 
thrown [s\open\src\hotspot\share\prims\jni.cpp, line 520]
Event: 13.574 Thread 0x000001d1e7dd3cc0 Exception <a 'java/io/FileNotFoundException'{0x0000000716969e40}> (0x0000000716969e40) 
thrown [s\open\src\hotspot\share\prims\jni.cpp, line 520]
Event: 13.576 Thread 0x000001d1e7dd3cc0 Exception <a 'java/io/FileNotFoundException'{0x00000007169921c8}> (0x00000007169921c8) 
thrown [s\open\src\hotspot\share\prims\jni.cpp, line 520]
Event: 13.578 Thread 0x000001d1e7dd3cc0 Exception <a 'java/io/FileNotFoundException'{0x00000007169cd080}> (0x00000007169cd080) 
thrown [s\open\src\hotspot\share\prims\jni.cpp, line 520]
Event: 13.580 Thread 0x000001d1e7dd3cc0 Exception <a 'java/io/FileNotFoundException'{0x00000007169f0700}> (0x00000007169f0700) 
thrown [s\open\src\hotspot\share\prims\jni.cpp, line 520]
Event: 13.640 Thread 0x000001d1e7dd3cc0 Exception <a 'java/io/FileNotFoundException'{0x0000000716383940}> (0x0000000716383940) 
thrown [s\open\src\hotspot\share\prims\jni.cpp, line 520]
Event: 13.640 Thread 0x000001d1e7dd3cc0 Exception <a 'java/io/FileNotFoundException'{0x00000007163857d0}> (0x00000007163857d0) 
thrown [s\open\src\hotspot\share\prims\jni.cpp, line 520]
Event: 13.641 Thread 0x000001d1e7dd3cc0 Exception <a 'java/io/FileNotFoundException'{0x00000007163a6598}> (0x00000007163a6598) 
thrown [s\open\src\hotspot\share\prims\jni.cpp, line 520]
Event: 13.642 Thread 0x000001d1e7dd3cc0 Exception <a 'java/io/FileNotFoundException'{0x00000007163a7e98}> (0x00000007163a7e98) 
thrown [s\open\src\hotspot\share\prims\jni.cpp, line 520]
Event: 13.724 Thread 0x000001d1e70dad60 Exception <a 'java/lang/NoSuchMethodError'{0x0000000715f47508}: 'java.lang.Object java.lang.invoke.DirectMethodHandle$Holder.invokeStaticInit(java.lang.Object, int)'> (0x0000000715f47508) 
thrown [s\open\src\hotspot\share\interpreter\linkResolver.cpp, line 773]
Event: 15.390 Thread 0x000001d1e7dd3cc0 Exception <a 'java/io/FileNotFoundException'{0x0000000715fe3aa0}> (0x0000000715fe3aa0) 
thrown [s\open\src\hotspot\share\prims\jni.cpp, line 520]
Event: 15.393 Thread 0x000001d1e7dd3cc0 Exception <a 'java/io/FileNotFoundException'{0x0000000715c4cdc0}> (0x0000000715c4cdc0) 
thrown [s\open\src\hotspot\share\prims\jni.cpp, line 520]
Event: 17.053 Thread 0x000001d1e7dd3cc0 Exception <a 'java/io/FileNotFoundException'{0x000000071bfc4700}> (0x000000071bfc4700) 
thrown [s\open\src\hotspot\share\prims\jni.cpp, line 520]
Event: 17.055 Thread 0x000001d1e7dd3cc0 Exception <a 'java/io/FileNotFoundException'{0x000000071bfdda10}> (0x000000071bfdda10) 
thrown [s\open\src\hotspot\share\prims\jni.cpp, line 520]
Event: 17.065 Thread 0x000001d1e7dd3cc0 Exception <a 'java/lang/ClassCastException'{0x000000071bc53dc8}: class java.lang.String cannot be cast to class javafx.scene.paint.Paint (java.lang.String is in module java.base of loader 'bootstrap'; javafx.scene.paint.Paint is in module javafx.graphics@21.0.6 of loader 'app')> (0x000000071bc53dc8) 
thrown [s\open\src\hotspot\share\interpreter\interpreterRuntime.cpp, line 455]
Event: 30.791 Thread 0x000001d1e7dd3cc0 Exception <a 'java/lang/ClassCastException'{0x000000072efad080}: class java.lang.String cannot be cast to class javafx.scene.paint.Paint (java.lang.String is in module java.base of loader 'bootstrap'; javafx.scene.paint.Paint is in module javafx.graphics@21.0.6 of loader 'app')> (0x000000072efad080) 
thrown [s\open\src\hotspot\share\interpreter\interpreterRuntime.cpp, line 455]
Event: 37.343 Thread 0x000001d1e7dd3cc0 Exception <a 'java/lang/ClassCastException'{0x000000072ea39a28}: class java.lang.String cannot be cast to class javafx.scene.paint.Paint (java.lang.String is in module java.base of loader 'bootstrap'; javafx.scene.paint.Paint is in module javafx.graphics@21.0.6 of loader 'app')> (0x000000072ea39a28) 
thrown [s\open\src\hotspot\share\interpreter\interpreterRuntime.cpp, line 455]
Event: 37.404 Thread 0x000001d1e70dad60 Implicit null exception at 0x000001d191dde85e to 0x000001d191dde8d0

ZGC Phase Switch (0 events):
No events

VM Operations (20 events):
Event: 32.545 Executing VM operation: Cleanup done
Event: 33.546 Executing VM operation: Cleanup
Event: 33.546 Executing VM operation: Cleanup done
Event: 34.546 Executing VM operation: Cleanup
Event: 34.546 Executing VM operation: Cleanup done
Event: 35.547 Executing VM operation: Cleanup
Event: 35.547 Executing VM operation: Cleanup done
Event: 36.547 Executing VM operation: Cleanup
Event: 36.547 Executing VM operation: Cleanup done
Event: 37.285 Executing VM operation: G1TryInitiateConcMark (G1 Humongous Allocation)
Event: 37.290 Executing VM operation: G1TryInitiateConcMark (G1 Humongous Allocation) done
Event: 38.291 Executing VM operation: Cleanup
Event: 38.291 Executing VM operation: Cleanup done
Event: 43.295 Executing VM operation: Cleanup
Event: 43.295 Executing VM operation: Cleanup done
Event: 44.295 Executing VM operation: Cleanup
Event: 44.295 Executing VM operation: Cleanup done
Event: 48.298 Executing VM operation: Cleanup
Event: 48.298 Executing VM operation: Cleanup done
Event: 48.967 Executing VM operation: Exit

Events (20 events):
Event: 17.007 Thread 0x000001d19ecff6a0 flushing nmethod 0x000001d18a5a3d10
Event: 17.007 Thread 0x000001d19ecff6a0 flushing nmethod 0x000001d18a708e90
Event: 17.007 Thread 0x000001d19ecff6a0 flushing nmethod 0x000001d18a74e390
Event: 17.026 Thread 0x000001d207b24010 Thread added: 0x000001d207b24010
Event: 17.026 Thread 0x000001d207825010 Thread added: 0x000001d207825010
Event: 17.582 Thread 0x000001d207825010 Thread exited: 0x000001d207825010
Event: 17.978 Thread 0x000001d207b24010 Thread exited: 0x000001d207b24010
Event: 30.796 Thread 0x000001d1f25e4fc0 Thread added: 0x000001d1f25e4fc0
Event: 30.805 Thread 0x000001d1a1cc2970 Thread added: 0x000001d1a1cc2970
Event: 31.104 Thread 0x000001d1a1cc2970 Thread exited: 0x000001d1a1cc2970
Event: 31.359 Thread 0x000001d1f25e4fc0 Thread exited: 0x000001d1f25e4fc0
Event: 37.353 Thread 0x000001d1e7afd9d0 Thread added: 0x000001d1e7afd9d0
Event: 37.364 Thread 0x000001d1f002dd40 Thread added: 0x000001d1f002dd40
Event: 39.230 Thread 0x000001d1f002dd40 Thread exited: 0x000001d1f002dd40
Event: 41.181 Thread 0x000001d1e7afd9d0 Thread exited: 0x000001d1e7afd9d0
Event: 48.964 Thread 0x000001d1e82c6ce0 Thread added: 0x000001d1e82c6ce0
Event: 48.965 Thread 0x000001d1e82c7370 Thread added: 0x000001d1e82c7370
Event: 48.965 Thread 0x000001d1e82c9440 Thread added: 0x000001d1e82c9440
Event: 48.966 Thread 0x000001d1e82c7370 Thread exited: 0x000001d1e82c7370
Event: 48.967 Thread 0x000001d1e82c9440 Thread exited: 0x000001d1e82c9440


Dynamic libraries:
0x00007ff618550000 - 0x00007ff618560000 	C:\Program Files\Java\jdk-21\bin\java.exe
0x00007ff9b98e0000 - 0x00007ff9b9b49000 	C:\WINDOWS\SYSTEM32\ntdll.dll
0x00007ff9b8020000 - 0x00007ff9b80e9000 	C:\WINDOWS\System32\KERNEL32.DLL
0x00007ff9b71f0000 - 0x00007ff9b75e3000 	C:\WINDOWS\System32\KERNELBASE.dll
0x00007ff9b6b10000 - 0x00007ff9b6c5b000 	C:\WINDOWS\System32\ucrtbase.dll
0x00007ff9b3180000 - 0x00007ff9b3199000 	C:\Program Files\Java\jdk-21\bin\jli.dll
0x00007ff9b3160000 - 0x00007ff9b317b000 	C:\Program Files\Java\jdk-21\bin\VCRUNTIME140.dll
0x00007ff9b8920000 - 0x00007ff9b89d4000 	C:\WINDOWS\System32\ADVAPI32.dll
0x00007ff9b76b0000 - 0x00007ff9b7759000 	C:\WINDOWS\System32\msvcrt.dll
0x00007ff9b78c0000 - 0x00007ff9b7966000 	C:\WINDOWS\System32\sechost.dll
0x00007ff9b9690000 - 0x00007ff9b97a8000 	C:\WINDOWS\System32\RPCRT4.dll
0x00007ff9b8650000 - 0x00007ff9b8814000 	C:\WINDOWS\System32\USER32.dll
0x00007ff9b7050000 - 0x00007ff9b7077000 	C:\WINDOWS\System32\win32u.dll
0x00007ff997430000 - 0x00007ff9976c3000 	C:\WINDOWS\WinSxS\amd64_microsoft.windows.common-controls_6595b64144ccf1df_6.0.26100.5074_none_3e0d6f78e32fd63f\COMCTL32.dll
0x00007ff9b7970000 - 0x00007ff9b799b000 	C:\WINDOWS\System32\GDI32.dll
0x00007ff9b6de0000 - 0x00007ff9b6f0d000 	C:\WINDOWS\System32\gdi32full.dll
0x00007ff9b6f10000 - 0x00007ff9b6fb3000 	C:\WINDOWS\System32\msvcp_win.dll
0x00007ff9ada50000 - 0x00007ff9ada5b000 	C:\WINDOWS\SYSTEM32\VERSION.dll
0x00007ff9b8610000 - 0x00007ff9b863f000 	C:\WINDOWS\System32\IMM32.DLL
0x00007ff98e050000 - 0x00007ff98e142000 	C:\Program Files\Windhawk\Engine\1.6.1\64\windhawk.dll
0x00007ff9b1450000 - 0x00007ff9b145c000 	C:\Program Files\Java\jdk-21\bin\vcruntime140_1.dll
0x00007ff9b1250000 - 0x00007ff9b12de000 	C:\Program Files\Java\jdk-21\bin\msvcp140.dll
0x00007ff93a7a0000 - 0x00007ff93b4ba000 	C:\Program Files\Java\jdk-21\bin\server\jvm.dll
0x00007ff9b8590000 - 0x00007ff9b8604000 	C:\WINDOWS\System32\WS2_32.dll
0x00007ff9b62f0000 - 0x00007ff9b634e000 	C:\WINDOWS\SYSTEM32\POWRPROF.dll
0x00007ff9ada10000 - 0x00007ff9ada45000 	C:\WINDOWS\SYSTEM32\WINMM.dll
0x00007ff9b62d0000 - 0x00007ff9b62e4000 	C:\WINDOWS\SYSTEM32\UMPDC.dll
0x00007ff9b5810000 - 0x00007ff9b582b000 	C:\WINDOWS\SYSTEM32\kernel.appcore.dll
0x00007ff9b1240000 - 0x00007ff9b124a000 	C:\Program Files\Java\jdk-21\bin\jimage.dll
0x00007ff9b4110000 - 0x00007ff9b4352000 	C:\WINDOWS\SYSTEM32\DBGHELP.DLL
0x00007ff9b92c0000 - 0x00007ff9b963b000 	C:\WINDOWS\System32\combase.dll
0x00007ff9b8a00000 - 0x00007ff9b8ad7000 	C:\WINDOWS\System32\OLEAUT32.dll
0x00007ff994150000 - 0x00007ff99418d000 	C:\WINDOWS\SYSTEM32\dbgcore.DLL
0x00007ff9b6a70000 - 0x00007ff9b6b09000 	C:\WINDOWS\System32\bcryptPrimitives.dll
0x00007ff9b1200000 - 0x00007ff9b120f000 	C:\Program Files\Java\jdk-21\bin\instrument.dll
0x00007ff9b1220000 - 0x00007ff9b123f000 	C:\Program Files\Java\jdk-21\bin\java.dll
0x00007ff9b8b70000 - 0x00007ff9b92bd000 	C:\WINDOWS\System32\SHELL32.dll
0x000001d1a18f0000 - 0x000001d1a1a5c000 	C:\WINDOWS\System32\wintypes.dll
0x00007ff9b4690000 - 0x00007ff9b4ee9000 	C:\WINDOWS\SYSTEM32\windows.storage.dll
0x00007ff9b7760000 - 0x00007ff9b7850000 	C:\WINDOWS\System32\SHCORE.dll
0x00007ff9b7dd0000 - 0x00007ff9b7e32000 	C:\WINDOWS\System32\shlwapi.dll
0x00007ff9b6990000 - 0x00007ff9b69b9000 	C:\WINDOWS\SYSTEM32\profapi.dll
0x00007ff99d8c0000 - 0x00007ff99d997000 	C:\Program Files\Java\jdk-21\bin\jsvml.dll
0x00007ff9b11f0000 - 0x00007ff9b1200000 	C:\Program Files\Java\jdk-21\bin\net.dll
0x00007ff9aebb0000 - 0x00007ff9aeccf000 	C:\WINDOWS\SYSTEM32\WINHTTP.dll
0x00007ff9b5d70000 - 0x00007ff9b5ddb000 	C:\WINDOWS\system32\mswsock.dll
0x00007ff9b1190000 - 0x00007ff9b11a6000 	C:\Program Files\Java\jdk-21\bin\nio.dll
0x00007ff9ae8e0000 - 0x00007ff9ae8f8000 	C:\Program Files\Java\jdk-21\bin\zip.dll
0x000001d181b10000 - 0x000001d181b13000 	C:\Users\yasas\.openjfx\cache\21.0.6+3\amd64\api-ms-win-core-console-l1-1-0.dll
0x000001d181b20000 - 0x000001d181b23000 	C:\Users\yasas\.openjfx\cache\21.0.6+3\amd64\api-ms-win-core-console-l1-2-0.dll
0x000001d181b30000 - 0x000001d181b33000 	C:\Users\yasas\.openjfx\cache\21.0.6+3\amd64\api-ms-win-core-datetime-l1-1-0.dll
0x000001d181b40000 - 0x000001d181b43000 	C:\Users\yasas\.openjfx\cache\21.0.6+3\amd64\api-ms-win-core-debug-l1-1-0.dll
0x000001d181b50000 - 0x000001d181b53000 	C:\Users\yasas\.openjfx\cache\21.0.6+3\amd64\api-ms-win-core-errorhandling-l1-1-0.dll
0x000001d181b60000 - 0x000001d181b64000 	C:\Users\yasas\.openjfx\cache\21.0.6+3\amd64\api-ms-win-core-file-l1-1-0.dll
0x000001d181b70000 - 0x000001d181b73000 	C:\Users\yasas\.openjfx\cache\21.0.6+3\amd64\api-ms-win-core-file-l1-2-0.dll
0x000001d1a1e60000 - 0x000001d1a1e63000 	C:\Users\yasas\.openjfx\cache\21.0.6+3\amd64\api-ms-win-core-file-l2-1-0.dll
0x000001d1a1e70000 - 0x000001d1a1e73000 	C:\Users\yasas\.openjfx\cache\21.0.6+3\amd64\api-ms-win-core-handle-l1-1-0.dll
0x000001d1a1e80000 - 0x000001d1a1e83000 	C:\Users\yasas\.openjfx\cache\21.0.6+3\amd64\api-ms-win-core-heap-l1-1-0.dll
0x000001d1a1e90000 - 0x000001d1a1e93000 	C:\Users\yasas\.openjfx\cache\21.0.6+3\amd64\api-ms-win-core-interlocked-l1-1-0.dll
0x000001d1a1ea0000 - 0x000001d1a1ea3000 	C:\Users\yasas\.openjfx\cache\21.0.6+3\amd64\api-ms-win-core-libraryloader-l1-1-0.dll
0x000001d1a1eb0000 - 0x000001d1a1eb3000 	C:\Users\yasas\.openjfx\cache\21.0.6+3\amd64\api-ms-win-core-localization-l1-2-0.dll
0x000001d1a1ec0000 - 0x000001d1a1ec3000 	C:\Users\yasas\.openjfx\cache\21.0.6+3\amd64\api-ms-win-core-memory-l1-1-0.dll
0x000001d1a1ed0000 - 0x000001d1a1ed3000 	C:\Users\yasas\.openjfx\cache\21.0.6+3\amd64\api-ms-win-core-namedpipe-l1-1-0.dll
0x000001d1a1ee0000 - 0x000001d1a1ee3000 	C:\Users\yasas\.openjfx\cache\21.0.6+3\amd64\api-ms-win-core-processenvironment-l1-1-0.dll
0x000001d1a1ef0000 - 0x000001d1a1ef3000 	C:\Users\yasas\.openjfx\cache\21.0.6+3\amd64\api-ms-win-core-processthreads-l1-1-0.dll
0x000001d1a1f00000 - 0x000001d1a1f03000 	C:\Users\yasas\.openjfx\cache\21.0.6+3\amd64\api-ms-win-core-processthreads-l1-1-1.dll
0x000001d1a1f10000 - 0x000001d1a1f13000 	C:\Users\yasas\.openjfx\cache\21.0.6+3\amd64\api-ms-win-core-profile-l1-1-0.dll
0x000001d1a1f20000 - 0x000001d1a1f23000 	C:\Users\yasas\.openjfx\cache\21.0.6+3\amd64\api-ms-win-core-rtlsupport-l1-1-0.dll
0x000001d1a1f30000 - 0x000001d1a1f33000 	C:\Users\yasas\.openjfx\cache\21.0.6+3\amd64\api-ms-win-core-string-l1-1-0.dll
0x000001d1a1f40000 - 0x000001d1a1f43000 	C:\Users\yasas\.openjfx\cache\21.0.6+3\amd64\api-ms-win-core-synch-l1-1-0.dll
0x000001d1a1f50000 - 0x000001d1a1f53000 	C:\Users\yasas\.openjfx\cache\21.0.6+3\amd64\api-ms-win-core-synch-l1-2-0.dll
0x000001d1a1f60000 - 0x000001d1a1f63000 	C:\Users\yasas\.openjfx\cache\21.0.6+3\amd64\api-ms-win-core-sysinfo-l1-1-0.dll
0x000001d1a1f70000 - 0x000001d1a1f73000 	C:\Users\yasas\.openjfx\cache\21.0.6+3\amd64\api-ms-win-core-timezone-l1-1-0.dll
0x000001d1a1f80000 - 0x000001d1a1f83000 	C:\Users\yasas\.openjfx\cache\21.0.6+3\amd64\api-ms-win-core-util-l1-1-0.dll
0x000001d1a1f90000 - 0x000001d1a1f93000 	C:\Users\yasas\.openjfx\cache\21.0.6+3\amd64\api-ms-win-crt-conio-l1-1-0.dll
0x000001d1a1fa0000 - 0x000001d1a1fa4000 	C:\Users\yasas\.openjfx\cache\21.0.6+3\amd64\api-ms-win-crt-convert-l1-1-0.dll
0x000001d1a1fb0000 - 0x000001d1a1fb3000 	C:\Users\yasas\.openjfx\cache\21.0.6+3\amd64\api-ms-win-crt-environment-l1-1-0.dll
0x000001d1a1fc0000 - 0x000001d1a1fc3000 	C:\Users\yasas\.openjfx\cache\21.0.6+3\amd64\api-ms-win-crt-filesystem-l1-1-0.dll
0x000001d1a1fd0000 - 0x000001d1a1fd3000 	C:\Users\yasas\.openjfx\cache\21.0.6+3\amd64\api-ms-win-crt-heap-l1-1-0.dll
0x000001d1a1fe0000 - 0x000001d1a1fe3000 	C:\Users\yasas\.openjfx\cache\21.0.6+3\amd64\api-ms-win-crt-locale-l1-1-0.dll
0x000001d1a1ff0000 - 0x000001d1a1ff5000 	C:\Users\yasas\.openjfx\cache\21.0.6+3\amd64\api-ms-win-crt-math-l1-1-0.dll
0x000001d1e87d0000 - 0x000001d1e87d5000 	C:\Users\yasas\.openjfx\cache\21.0.6+3\amd64\api-ms-win-crt-multibyte-l1-1-0.dll
0x000001d1e87e0000 - 0x000001d1e87f0000 	C:\Users\yasas\.openjfx\cache\21.0.6+3\amd64\api-ms-win-crt-private-l1-1-0.dll
0x000001d1e87f0000 - 0x000001d1e87f3000 	C:\Users\yasas\.openjfx\cache\21.0.6+3\amd64\api-ms-win-crt-process-l1-1-0.dll
0x000001d1e8800000 - 0x000001d1e8804000 	C:\Users\yasas\.openjfx\cache\21.0.6+3\amd64\api-ms-win-crt-runtime-l1-1-0.dll
0x000001d1e8810000 - 0x000001d1e8814000 	C:\Users\yasas\.openjfx\cache\21.0.6+3\amd64\api-ms-win-crt-stdio-l1-1-0.dll
0x000001d1e8820000 - 0x000001d1e8824000 	C:\Users\yasas\.openjfx\cache\21.0.6+3\amd64\api-ms-win-crt-string-l1-1-0.dll
0x000001d1e8830000 - 0x000001d1e8833000 	C:\Users\yasas\.openjfx\cache\21.0.6+3\amd64\api-ms-win-crt-time-l1-1-0.dll
0x000001d1e8840000 - 0x000001d1e8843000 	C:\Users\yasas\.openjfx\cache\21.0.6+3\amd64\api-ms-win-crt-utility-l1-1-0.dll
0x00007ff946ad0000 - 0x00007ff946bcc000 	C:\Users\yasas\.openjfx\cache\21.0.6+3\amd64\ucrtbase.dll
0x00007ff98ae10000 - 0x00007ff98ae2b000 	C:\Users\yasas\.openjfx\cache\21.0.6+3\amd64\vcruntime140.dll
0x00007ff998f00000 - 0x00007ff998f0c000 	C:\Users\yasas\.openjfx\cache\21.0.6+3\amd64\vcruntime140_1.dll
0x00007ff9476d0000 - 0x00007ff94775e000 	C:\Users\yasas\.openjfx\cache\21.0.6+3\amd64\msvcp140.dll
0x00007ff98f520000 - 0x00007ff98f529000 	C:\Users\yasas\.openjfx\cache\21.0.6+3\amd64\msvcp140_1.dll
0x00007ff986bf0000 - 0x00007ff986c31000 	C:\Users\yasas\.openjfx\cache\21.0.6+3\amd64\msvcp140_2.dll
0x00007ff987b10000 - 0x00007ff987b40000 	C:\Users\yasas\.openjfx\cache\21.0.6+3\amd64\prism_d3d.dll
0x00007ff94b5e0000 - 0x00007ff94b791000 	C:\WINDOWS\system32\d3d9.dll
0x00007ff9b3ae0000 - 0x00007ff9b3b0b000 	C:\WINDOWS\SYSTEM32\dwmapi.dll
0x00007ff9b3b20000 - 0x00007ff9b3b64000 	C:\WINDOWS\SYSTEM32\dxcore.dll
0x00007ff9b3860000 - 0x00007ff9b3908000 	C:\WINDOWS\system32\uxtheme.dll
0x00007ff94b510000 - 0x00007ff94b5d2000 	C:\WINDOWS\SYSTEM32\d3d9on12.dll
0x00007ff94b4e0000 - 0x00007ff94b503000 	C:\WINDOWS\SYSTEM32\d3d12.dll
0x00007ff9b3960000 - 0x00007ff9b3a9a000 	C:\WINDOWS\SYSTEM32\dxgi.dll
0x00007ff9b66f0000 - 0x00007ff9b6747000 	C:\WINDOWS\SYSTEM32\cfgmgr32.dll
0x00007ff94b260000 - 0x00007ff94b4d0000 	C:\WINDOWS\SYSTEM32\D3D12Core.dll
0x00007ff94b230000 - 0x00007ff94b257000 	C:\WINDOWS\System32\DriverStore\FileRepository\iigd_dch.inf_amd64_ce2a84db4d20c228\igd12umd64.dll
0x00007ff94a2e0000 - 0x00007ff94b22b000 	C:\WINDOWS\System32\DriverStore\FileRepository\iigd_dch.inf_amd64_ce2a84db4d20c228\igd12um64xel.dll
0x00007ff9b6c60000 - 0x00007ff9b6dd7000 	C:\WINDOWS\System32\CRYPT32.dll
0x00007ff9b7a40000 - 0x00007ff9b7bd8000 	C:\WINDOWS\System32\ole32.dll
0x00007ff9b6960000 - 0x00007ff9b6986000 	C:\WINDOWS\SYSTEM32\bcrypt.dll
0x00007ff9876b0000 - 0x00007ff9876f4000 	C:\WINDOWS\SYSTEM32\ControlLib.dll
0x00007ff9b80f0000 - 0x00007ff9b8577000 	C:\WINDOWS\System32\SETUPAPI.dll
0x00007ff9b6750000 - 0x00007ff9b677d000 	C:\WINDOWS\SYSTEM32\DEVOBJ.dll
0x00007ff9a7f10000 - 0x00007ff9a7f98000 	C:\WINDOWS\System32\DriverStore\FileRepository\iigd_dch.inf_amd64_ce2a84db4d20c228\IntelControlLib.dll
0x00007ff9b6fc0000 - 0x00007ff9b703e000 	C:\WINDOWS\System32\WINTRUST.dll
0x00007ff9b61a0000 - 0x00007ff9b61b3000 	C:\WINDOWS\SYSTEM32\MSASN1.dll
0x00007ff9b0bb0000 - 0x00007ff9b0c10000 	C:\WINDOWS\SYSTEM32\directxdatabasehelper.dll
0x00007ff9a7760000 - 0x00007ff9a7b34000 	C:\WINDOWS\System32\DriverStore\FileRepository\iigd_dch.inf_amd64_ce2a84db4d20c228\igdgmm64.dll
0x00007ff9a3940000 - 0x00007ff9a7752000 	C:\WINDOWS\System32\DriverStore\FileRepository\iigd_dch.inf_amd64_ce2a84db4d20c228\igc64.dll
0x00007ff94a2a0000 - 0x00007ff94a2ce000 	C:\WINDOWS\SYSTEM32\D3DSCache.dll
0x00007ff9b5e10000 - 0x00007ff9b5e3b000 	C:\WINDOWS\SYSTEM32\USERENV.dll
0x00007ff948ef0000 - 0x00007ff94a29d000 	C:\WINDOWS\System32\DriverStore\FileRepository\iigd_dch.inf_amd64_ce2a84db4d20c228\igd12dxva64.dll
0x00007ff9524b0000 - 0x00007ff9541d0000 	C:\WINDOWS\System32\DriverStore\FileRepository\iigd_dch.inf_amd64_ce2a84db4d20c228\media_bin_64.dll
0x00007ff95a260000 - 0x00007ff95a287000 	C:\WINDOWS\System32\DriverStore\FileRepository\iigd_dch.inf_amd64_ce2a84db4d20c228\igdinfo64.dll
0x00007ff9a2e30000 - 0x00007ff9a3069000 	C:\WINDOWS\SYSTEM32\twinapi.appcore.dll
0x00007ff970e10000 - 0x00007ff970e52000 	C:\Users\yasas\.openjfx\cache\21.0.6+3\amd64\glass.dll
0x00007ff9b8820000 - 0x00007ff9b8911000 	C:\WINDOWS\System32\COMDLG32.dll
0x00007ff9b7c70000 - 0x00007ff9b7dc8000 	C:\WINDOWS\System32\MSCTF.dll

dbghelp: loaded successfully - version: 4.0.5 - missing functions: none
symbol engine: initialized successfully - sym options: 0x614 - pdb path: .;C:\Program Files\Java\jdk-21\bin;C:\WINDOWS\SYSTEM32;C:\WINDOWS\WinSxS\amd64_microsoft.windows.common-controls_6595b64144ccf1df_6.0.26100.5074_none_3e0d6f78e32fd63f;C:\Program Files\Windhawk\Engine\1.6.1\64;C:\Program Files\Java\jdk-21\bin\server;C:\Users\yasas\.openjfx\cache\21.0.6+3\amd64;C:\WINDOWS\System32\DriverStore\FileRepository\iigd_dch.inf_amd64_ce2a84db4d20c228;C:\Program Files\Common Files\Microsoft Shared\Ink

VM Arguments:
jvm_args: -javaagent:C:\Program Files\JetBrains\IntelliJ IDEA 2025.2.1\lib\idea_rt.jar=50389 -Dfile.encoding=UTF-8 -Dsun.stdout.encoding=UTF-8 -Dsun.stderr.encoding=UTF-8 --module-path=C:\Users\yasas\.m2\repository\org\openjfx\javafx-base\21.0.6\javafx-base-21.0.6-win.jar;C:\Users\yasas\.m2\repository\org\springframework\security\spring-security-crypto\6.5.3\spring-security-crypto-6.5.3.jar;C:\Users\yasas\.m2\repository\org\hibernate\orm\hibernate-core\6.0.0.Final\hibernate-core-6.0.0.Final.jar;C:\Users\yasas\.m2\repository\org\openjfx\javafx-fxml\21.0.6\javafx-fxml-21.0.6-win.jar;C:\Users\yasas\.m2\repository\org\projectlombok\lombok\1.18.34\lombok-1.18.34.jar;C:\Users\yasas\.m2\repository\jakarta\persistence\jakarta.persistence-api\3.1.0\jakarta.persistence-api-3.1.0.jar;C:\Users\yasas\.m2\repository\org\openjfx\javafx-controls\21.0.6\javafx-controls-21.0.6-win.jar;C:\Users\yasas\.m2\repository\org\openjfx\javafx-graphics\21.0.6\javafx-graphics-21.0.6-win.jar;C:\Users\yasas\Documents\dev\ijse\elite-learners-system\target\classes -Djdk.module.main=lk.ijse.learners 
java_command: lk.ijse.learners/lk.ijse.learners.Launcher
java_class_path (initial): C:\Users\yasas\.m2\repository\jakarta\transaction\jakarta.transaction-api\2.0.0\jakarta.transaction-api-2.0.0.jar;C:\Users\yasas\.m2\repository\org\jboss\logging\jboss-logging\3.4.3.Final\jboss-logging-3.4.3.Final.jar;C:\Users\yasas\.m2\repository\org\jboss\jandex\2.4.2.Final\jandex-2.4.2.Final.jar;C:\Users\yasas\.m2\repository\com\fasterxml\classmate\1.5.1\classmate-1.5.1.jar;C:\Users\yasas\.m2\repository\org\hibernate\common\hibernate-commons-annotations\6.0.0.CR1\hibernate-commons-annotations-6.0.0.CR1.jar;C:\Users\yasas\.m2\repository\net\bytebuddy\byte-buddy\1.12.8\byte-buddy-1.12.8.jar;C:\Users\yasas\.m2\repository\jakarta\activation\jakarta.activation-api\2.0.1\jakarta.activation-api-2.0.1.jar;C:\Users\yasas\.m2\repository\jakarta\xml\bind\jakarta.xml.bind-api\3.0.1\jakarta.xml.bind-api-3.0.1.jar;C:\Users\yasas\.m2\repository\com\sun\activation\jakarta.activation\2.0.1\jakarta.activation-2.0.1.jar;C:\Users\yasas\.m2\repository\org\glassfish\jaxb\jaxb-runtime\3.0.2\jaxb-runtime-3.0.2.jar;C:\Users\yasas\.m2\repository\org\glassfish\jaxb\jaxb-core\3.0.2\jaxb-core-3.0.2.jar;C:\Users\yasas\.m2\repository\org\glassfish\jaxb\txw2\3.0.2\txw2-3.0.2.jar;C:\Users\yasas\.m2\repository\com\sun\istack\istack-commons-runtime\4.0.1\istack-commons-runtime-4.0.1.jar;C:\Users\yasas\.m2\repository\jakarta\inject\jakarta.inject-api\2.0.0\jakarta.inject-api-2.0.0.jar;C:\Users\yasas\.m2\repository\org\antlr\antlr4-runtime\4.9.1\antlr4-runtime-4.9.1.jar;C:\Users\yasas\.m2\repository\com\mysql\mysql-connector-j\8.0.33\mysql-connector-j-8.0.33.jar;C:\Users\yasas\.m2\repository\com\google\protobuf\protobuf-java\3.21.9\protobuf-java-3.21.9.jar;C:\Users\yasas\.m2\repository\org\openjfx\javafx-controls\21.0.6\javafx-controls-21.0.6.jar;C:\Users\yasas\.m2\repository\org\openjfx\javafx-graphics\21.0.6\javafx-graphics-21.0.6.jar;C:\Users\yasas\.m2\repository\org\openjfx\javafx-base\21.0.6\javafx-base-21.0.6.jar;C:\Users\yasas\.m2\repository\org\openjfx\javafx-fxml\21.0.6\javafx-fxml-21.0.6.jar
Launcher Type: SUN_STANDARD

[Global flags]
     intx CICompilerCount                          = 4                                         {product} {ergonomic}
     uint ConcGCThreads                            = 3                                         {product} {ergonomic}
     uint G1ConcRefinementThreads                  = 10                                        {product} {ergonomic}
   size_t G1HeapRegionSize                         = 2097152                                   {product} {ergonomic}
    uintx GCDrainStackTargetSize                   = 64                                        {product} {ergonomic}
   size_t InitialHeapSize                          = 264241152                                 {product} {ergonomic}
   size_t MarkStackSize                            = 4194304                                   {product} {ergonomic}
   size_t MaxHeapSize                              = 4217372672                                {product} {ergonomic}
   size_t MaxNewSize                               = 2529165312                                {product} {ergonomic}
   size_t MinHeapDeltaBytes                        = 2097152                                   {product} {ergonomic}
   size_t MinHeapSize                              = 8388608                                   {product} {ergonomic}
    uintx NonNMethodCodeHeapSize                   = 5839372                                {pd product} {ergonomic}
    uintx NonProfiledCodeHeapSize                  = 122909434                              {pd product} {ergonomic}
    uintx ProfiledCodeHeapSize                     = 122909434                              {pd product} {ergonomic}
    uintx ReservedCodeCacheSize                    = 251658240                              {pd product} {ergonomic}
     bool SegmentedCodeCache                       = true                                      {product} {ergonomic}
   size_t SoftMaxHeapSize                          = 4217372672                             {manageable} {ergonomic}
     bool UseCompressedOops                        = true                           {product lp64_product} {ergonomic}
     bool UseG1GC                                  = true                                      {product} {ergonomic}
     bool UseLargePagesIndividualAllocation        = false                                  {pd product} {ergonomic}

Logging:
Log output configuration:
 #0: stdout all=off uptime,level,tags foldmultilines=false
 #1: stderr all=off uptime,level,tags foldmultilines=false

Environment Variables:
PATH=C:\Program Files\Common Files\Oracle\Java\javapath;C:\WINDOWS\system32;C:\WINDOWS;C:\WINDOWS\System32\Wbem;C:\WINDOWS\System32\WindowsPowerShell\v1.0\;C:\WINDOWS\System32\OpenSSH\;C:\Program Files (x86)\NVIDIA Corporation\PhysX\Common;C:\Program Files\Git\cmd;C:\Program Files\MySQL\MySQL Shell 8.0\bin\;C:\Users\yasas\AppData\Local\Microsoft\WindowsApps;C:\Program Files\Git\bin;C:\Users\yasas\AppData\Local\Programs\Microsoft VS Code\bin
USERNAME=yasas
OS=Windows_NT
PROCESSOR_IDENTIFIER=Intel64 Family 6 Model 154 Stepping 3, GenuineIntel
TMP=C:\Users\yasas\AppData\Local\Temp
TEMP=C:\Users\yasas\AppData\Local\Temp




Periodic native trim disabled

---------------  S Y S T E M  ---------------

OS:
 Windows 11 , 64 bit Build 26100 (10.0.26100.5074)
OS uptime: 0 days 2:47 hours
Hyper-V role detected

CPU: total 12 (initial active 12) (6 cores per cpu, 2 threads per core) family 6 model 154 stepping 3 microcode 0x424, cx8, cmov, fxsr, ht, mmx, 3dnowpref, sse, sse2, sse3, ssse3, sse4.1, sse4.2, popcnt, lzcnt, tsc, tscinvbit, avx, avx2, aes, erms, clmul, bmi1, bmi2, adx, sha, fma, vzeroupper, clflush, clflushopt, clwb, hv, serialize, rdtscp, rdpid, fsrm, f16c, cet_ibt, cet_ss
Processor Information for all 12 processors :
  Max Mhz: 2000, Current Mhz: 2000, Mhz Limit: 2000

Memory: 4k page, system-wide physical 16085M (4589M free)
TotalPageFile size 26184M (AvailPageFile size 5732M)
current process WorkingSet (physical memory assigned to process): 1048M, peak: 1119M
current process commit charge ("private bytes"): 1470M, peak: 1544M

vm_info: Java HotSpot(TM) 64-Bit Server VM (21.0.7+8-LTS-245) for windows-amd64 JRE (21.0.7+8-LTS-245), built on 2025-02-21T05:11:27Z by "mach5one" with MS VC++ 17.6 (VS2022)

END.
